triple,stv,truth
Nigel Cole isMarriedTo Kate Isitt,0.9350595474,1
Véra Clouzot isMarriedTo Henri-Georges Clouzot,0.4773990512,1
Norodom Sihanouk produced The Last Days of Colonel Savath,0.3942225575,1
Farouk of Egypt isMarriedTo Farida of Egypt,0.4276426733,1
Jacques Feyder isMarriedTo Françoise Rosay,0.4199478924,1
Alex Chandon directed Chainsaw Scumfuck,0.4796206057,1
Rita Wilson isMarriedTo Tom Hanks,0.4010510445,1
Iain Softley directed Backbeat  film ,0.4356231987,1
Lotte Reiniger directed The Adventures of Prince Achmed,0.4211626053,1
Elmar Klos directed The Shop on Main Street,0.5507027507,1
Ashton Kutcher isMarriedTo Demi Moore,0.3425098658,1
Donald Knuth isKnownFor MMIX,0.4699082375,1
Tony Bui produced Three Seasons,0.42764258380000003,1
Denis Héroux created Naked Massacre,0.4175682068,1
Alan Rudolph directed Love at Large,0.40638765689999995,1
Arthur Rankin directed  Jr. The Mad  Mad  Mad Comedians,0.4815536439,1
Riazuddin  physicist  livesIn Islamabad,0.4255672097,1
Joseph Bonaparte isMarriedTo Julie Clary,0.42764258380000003,1
Jean-Pierre Bekolo directed Les Saignantes,0.42764258380000003,1
François Dupeyron directed The Officers' Ward  film ,0.34250992539999997,1
Robert Sterling isMarriedTo Anne Jeffreys,0.4849284887,1
Eleanor of Castile isMarriedTo Edward I of England,0.4717358947,1
Rodney Dangerfield created Rover Dangerfield,0.982727468,1
Victor Salva directed Jeepers Creepers 2,0.4333811402,1
Vlad III the Impaler isMarriedTo Ilona Szilágyi,0.44365474579999997,1
Janelle Timmins isMarriedTo Allan Steiger,0.42764258380000003,1
Gus Aitoro isMarriedTo Natalia Rivera Aitoro,0.42764258380000003,1
Germaine of Foix isMarriedTo Ferdinand II of Aragon,0.42764258380000003,1
King Vidor directed Our Daily Bread  1934 film ,0.7327123879999999,1
Joke Silva isMarriedTo Olu Jacobs,0.48772034049999996,1
Edna Manley isMarriedTo Norman Manley,0.4118062258,1
Marshall Brickman created Simon  1980 film ,0.4480448067,1
Trip Hawkins isKnownFor Electronic Arts,0.457752645,1
Tiberius isMarriedTo Julia the Elder,0.5041660666,1
Frederick VIII of Denmark isMarriedTo Louise of Sweden,0.8837143779000001,1
Arlene Alda isMarriedTo Alan Alda,0.4333197474,1
Luis Bayón Herrera produced Jettatore,0.34250992539999997,1
Arthur Rankin created  Jr. The Daydreamer,0.5776337981,1
Ishirō Honda created Destroy All Monsters,0.42764258380000003,1
Norodom Sihanouk created My Village at Sunset,0.4413212836,1
Abel Gance directed Louise  film ,0.4150431454,1
Prince Pedro Henrique of Orléans-Braganza isMarriedTo Princess Maria Elisabeth of Bavaria,0.5555528402000001,1
Victor Salva created Jeepers Creepers 2,0.4203598499,1
Rex Balsom isMarriedTo Jennifer Rappaport,0.42244982719999996,1
Emilio Fernández directed La Choca,0.4592462182,1
Emilio Fernández directed Siempre tuya,0.39575290679999997,1
Fuad I of Egypt isMarriedTo Nazli Sabri,0.9381268620000001,1
Janelle Timmins isMarriedTo Kim Timmins,0.982727468,1
Georg Balthasar Metzger hasAcademicAdvisor Johann Georg Macasius,0.9669585824,1
Jessica Buchanan isMarriedTo Nash Brennan,0.8695389628,1
John McCarthy  computer scientist  created Lisp  programming language ,0.42764264350000003,1
David E. Durston directed I Drink Your Blood,0.3425098658,1
Donald Knuth created MMIX,0.3425098956,1
Jacques Feyder directed Le Grand Jeu  1934 film ,0.42764258380000003,1
Paul Spence created FUBAR  film ,0.4474327564,1
Grand Duke Michael Nikolaevich of Russia isMarriedTo Olga Feodorovna of Baden,0.3843609095,1
Dave McKean directed MirrorMask,0.34250992539999997,1
Cynthia Stone isMarriedTo Cliff Robertson,0.9313514829,1
Joss Whedon created Goners,0.42323285340000005,1
Frederick William IV of Prussia isMarriedTo Elisabeth Ludovika of Bavaria,0.49116918439999996,1
Emilio Fernández directed Rosanna  film ,0.4647269249,1
Ludovico Sforza isMarriedTo Beatrice d'Este,0.6793269515000001,1
Warren Beatty actedIn Bulworth,0.3425098956,1
Craig Ferguson actedIn I'll Be There  film ,0.490793407,1
Zhang Youyi isMarriedTo Xu Zhimo,0.4933775365,1
Ronald Reagan isMarriedTo Jane Wyman,0.42764258380000003,1
Michael Dowse directed Kids in America  2011 film ,0.42764258380000003,1
Connie Booth isMarriedTo John Cleese,0.4815536439,1
James Franklin  printer  isMarriedTo Ann Smith Franklin,0.3425098956,1
John Cleese isMarriedTo Alyce Faye Eichelberger,0.018398404099999998,1
Charlotte of Belgium isMarriedTo Maximilian I of Mexico,0.9670629501000001,1
Rod Steiger isMarriedTo Claire Bloom,0.4223959744,1
Warren Beatty created Love Affair  1994 film ,0.4280959964,1
Leonid Trauberg directed The Youth of Maxim,0.9676724672,1
Princess Märtha of Sweden isMarriedTo Olav V of Norway,0.42764258380000003,1
Jeremy Sisto isMarriedTo Marisa Ryan,0.4997343421,1
Mai Zetterling created Doctor Glas  film ,0.4372947514,1
Anna Lee isMarriedTo Robert Stevenson  director ,0.41007637979999995,1
Jaromil Jireš created The Cry  1963 film ,0.42764258380000003,1
Jerzy Jurandot isMarriedTo Stefania Grodzieńska,0.42764264350000003,1
Cleve Moler isKnownFor MATLAB,0.8984289168999999,1
Jack Lemmon isMarriedTo Cynthia Stone,0.5752775669,1
Henri-Georges Clouzot directed Manon  film ,0.49726510049999995,1
Ludwig III of Bavaria isMarriedTo Maria Theresa of Austria-Este  1849–1919 ,0.420517385,1
Noboru Iguchi created The Machine Girl,0.5774958729999999,1
François Dupeyron created The Officers' Ward  film ,0.3425098658,1
Stephen King isMarriedTo Tabitha King,0.4757404923,1
Prince Hassan bin Talal isMarriedTo Princess Sarvath El Hassan,0.4439871311,1
Sebastian Arcelus isMarriedTo Stephanie J. Block,0.40967071060000004,1
Rajan Khosa created Dance of the Wind,0.5557355881,1
Abel Gance directed Le droit à la vie,0.42764258380000003,1
Robin Williams actedIn Mrs. Doubtfire,0.43196544049999996,1
Augustus III of Poland isMarriedTo Maria Josepha of Austria,0.5616229773,1
Antonia Fraser isMarriedTo Harold Pinter,0.42727279659999995,1
Arthur Rankin produced  Jr. The Mad  Mad  Mad Comedians,0.3425098658,0
Ilona Szilágyi isMarriedTo Vlad III the Impaler,0.4177514613,1
Agrippina the Elder isMarriedTo Germanicus,0.34250992539999997,1
Andrew I of Hungary isMarriedTo Anastasia of Kiev,0.42764258380000003,1
Charles Montague Cooke isMarriedTo Anna Rice Cooke,0.9446027875,1
Daniel C. Miller livesIn Harrisburg  Pennsylvania,0.3838253021,1
Adam Chandler isMarriedTo Brooke English,0.40694278479999996,1
Una Stubbs isMarriedTo Peter Gilmore,0.42583593729999997,1
Ola Rapace isMarriedTo Noomi Rapace,0.42764258380000003,1
Riazuddin  physicist  worksAt Pakistan Atomic Energy Commission,0.4946915507,1
Grand Duchess Olga Alexandrovna of Russia isMarriedTo Nikolai Kulikovsky,0.42764258380000003,1
Charles XV of Sweden isMarriedTo Louise of the Netherlands,0.40363287929999997,1
Emperor Zhao of Han isMarriedTo Grand Empress Dowager Shangguan,0.982727468,1
Quentin Tarantino actedIn From Dusk till Dawn,0.7028428912000001,1
Natalia Rivera Aitoro hasChild Gus Aitoro,0.4177514613,1
Artie Lange created Artie Lange's Beer League,0.42764258380000003,1
Abel Gance created Le périscope,0.5059745312,1
Rambhai Barni isMarriedTo Prajadhipok,0.4241536558,1
Kenneth Branagh created The Magic Flute  2006 film ,0.4803345203,1
Warren Beatty actedIn Reds  film ,0.9831138849,1
Alex Chandon directed Pervirella,1.4251102806,1
Alan Alda directed War of Nerves  M*A*S*H ,0.42764258380000003,1
T. B. Walker isMarriedTo Harriet G. Walker,0.6213507652,1
Becky Stark created Califunya,0.34250992539999997,1
Lauren Holly isMarriedTo Jim Carrey,0.4106097221,1
Gus Aitoro isMarriedTo Harley Cooper,0.42764258380000003,1
Gertrude of Hohenburg isMarriedTo Rudolph I of Germany,0.458126992,1
Michael Bell  mayor  isLeaderOf Toledo  Ohio,0.34250992539999997,1
Harold Pinter isMarriedTo Antonia Fraser,0.4474327564,1
Cliff Robertson created J. W. Coop,0.5745307803,1
Norman Mailer created Maidstone  film ,0.982727468,1
Yves Angelo created Colonel Chabert  1994 film ,0.4711261094,1
Abel Gance created The Torture of Silence,0.4791519642,1
Steven E. de Souza directed Arnold's Wrecking Co.,0.42764258380000003,1
Danielle Spencer  Australian singer  isMarriedTo Russell Crowe,0.41829004880000004,1
Kenneth Branagh directed Peter's Friends,0.4531171322,1
Neela Rasgotra isMarriedTo Michael Gallant,0.42559126020000004,1
Warren Beatty directed Bulworth,0.34250992539999997,1
Robert Stevenson  director  isMarriedTo Anna Lee,0.4425321817,1
Ferdinand II of Aragon isMarriedTo Germaine of Foix,0.42764258380000003,1
Comoros hasOfficialLanguage Arabic language,0.4469013214,1
Martin Lawrence created You So Crazy,0.46085980530000004,1
Prunella Scales isMarriedTo Timothy West,0.42764258380000003,1
Una Stubbs isMarriedTo Nicky Henson,0.42764264350000003,1
Alfonso XII of Spain isMarriedTo Maria Christina of Austria,0.42764258380000003,1
Cliff Robertson isMarriedTo Dina Merrill,0.9671886563,1
Éric Rochant created The Patriots  film ,0.982727468,1
Lucas Belvaux directed La Raison du plus faible,0.42764258380000003,1
Gloria Stuart isMarriedTo Arthur Sheekman,0.4373797476,1
Jacques Feyder directed Carnival in Flanders  film ,0.42764258380000003,1
Jessica Buchanan isMarriedTo Antonio Vega,0.9669585228,1
Lucas Belvaux directed Rapt  2009 film ,0.42764258380000003,1
King Vidor created Bud's Recruit,0.34250992539999997,1
Gus Aitoro hasChild Natalia Rivera Aitoro,1.0425525306999999,0
Carol Jackson hasChild Billie Jackson,0.7709921002,1
Leonor Telles de Menezes isMarriedTo Ferdinand I of Portugal,0.42764258380000003,1
Maria Christina of the Two Sicilies isMarriedTo Ferdinand VII of Spain,0.8973062037999999,1
Louise Dresser isMarriedTo Jack Norworth,0.4633500576,1
Jean Case isMarriedTo Steve Case,0.4413212836,1
Kenneth Branagh directed The Magic Flute  2006 film ,0.34250992539999997,1
Sarah Mlynowski isCitizenOf Canada,0.39068171380000005,1
Jerry Seinfeld actedIn Bee Movie,0.42764258380000003,1
Michael Dowse directed It's All Gone Pete Tong,0.817751199,1
Alan Alda created War of Nerves  M*A*S*H ,0.43174004549999995,1
Rex Harrison isMarriedTo Lilli Palmer,0.34250992539999997,1
Harry Hughes isMarriedTo Patricia Donoho Hughes,0.42764258380000003,1
Peter Gilmore isMarriedTo Una Stubbs,0.4148673415,1
Václav Havel isMarriedTo Olga Havlová,0.4096849859,1
Raymond Bernard directed Les Misérables  1934 film ,0.982727468,1
Demi Moore isMarriedTo Ashton Kutcher,0.4376773834,1
Abel Gance created End of the World  1931 film ,0.4177514613,1
Nasser Taghvai created Captain Khorshid,0.4254780412,1
John McCarthy  computer scientist  isKnownFor Lisp  programming language ,0.0439568236,1
Lucas Belvaux created Rapt  2009 film ,0.5555528402000001,1
Andrew Lane created Jake Speed,0.42764258380000003,1
Michael Gallant isMarriedTo Neela Rasgotra,0.4335386753,1
Marshall Brickman directed The Manhattan Project  film ,0.4782646,1
Maria Amalia of Saxony isMarriedTo Charles III of Spain,0.7350572348000001,1
Jill Hennessy actedIn The Acting Class,0.3854899704,1
Ali Selim directed Sweet Land,0.41403225060000004,1
Princess Joséphine Caroline of Belgium isMarriedTo Prince Karl Anton of Hohenzollern,0.42764258380000003,1
Anna Rice Cooke hasChild Charles Montague Cooke  Jr.,0.676726222,1
Princess Anne of Denmark isMarriedTo Prince George Valdemar of Denmark,0.42764258380000003,1
Marco Ferreri directed El Cochecito,0.8683667181999999,1
Tamiliam Subas produced Vanni Mouse,0.5680817365999999,1
Abel of Denmark isMarriedTo Matilda of Holstein,0.3849108219,1
Emilie Schindler isMarriedTo Oskar Schindler,0.9101629554999999,1
Michael Dowse produced FUBAR  film ,0.46981596950000004,1
Ali Selim produced Sweet Land,0.34250992539999997,1
Alexandra of Denmark isMarriedTo Edward VII of the United Kingdom,0.5105772614,1
Frank D. Gilroy produced Desperate Characters,0.4944609404,1
Zara Salim Davidson isMarriedTo Raja Nazrin Shah,0.4010510743,1
Norodom Sihanouk directed My Village at Sunset,0.9453274012,1
Annie Lavery isMarriedTo Ryan Lavery,0.42764258380000003,1
John Wayne isMarriedTo Pilar Pallete,0.34250992539999997,1
Maria Adelaide of Austria isMarriedTo Victor Emmanuel II of Italy,0.4372947514,1
Rahul Mahajan  Reality TV Personality  isMarriedTo Dimpy Mahajan,0.43942072990000003,1
Kevin McNally isMarriedTo Phyllis Logan,0.4373797476,1
Jessica Buchanan hasChild Nash Brennan,0.8874343634,1
Abel Gance directed La Folie du Docteur Tube,0.42764258380000003,1
Sandra Goldbacher directed The Governess,1.0,1
Noomi Rapace isMarriedTo Ola Rapace,0.5745307803,1
Bert Haanstra produced Alleman  film ,0.6545621157,1
David Mamet directed House of Games,0.4804060459,1
Maija DiGiorgio created Bitter Jester,0.4203598499,1
Ryan Lavery isMarriedTo Annie Lavery,0.42764258380000003,1
Maria Augimeri isMarriedTo Odoardo Di Santo,0.3988951147,1
Tabitha King isMarriedTo Stephen King,0.3425098956,1
Tonia Marketaki created Crystal Nights,0.9663606881999999,1
Jacques Doillon created Family Life  1985 film ,0.4962947369,1
Mitch Laurence isMarriedTo Natalie Buchanan,0.4856135547,1
Princess Sophie of Saxony isMarriedTo Duke Karl-Theodor in Bavaria,0.4096849859,1
Ferdinand II of the Two Sicilies isMarriedTo Maria Christina of Savoy,1.1047774255,1
Rupert Murdoch isMarriedTo Wendi Deng,0.9177426696,1
Manny Villar isMarriedTo Cynthia Villar,0.34250992539999997,1
Theodore Roosevelt isMarriedTo Alice Hathaway Lee Roosevelt,0.4207159579,1
Henri-Georges Clouzot created The Wages of Fear,0.5012188554,1
King Vidor directed Better Times  1919 film ,0.34250992539999997,1
Robert Taylor  actor  isMarriedTo Ursula Thiess,0.4747208953,1
Leonid Trauberg directed Simple People,0.34250992539999997,1
Gloria Marsh isMarriedTo Dimitri Marick,0.4402164221,1
Jon Hall isMarriedTo Frances Langford,0.4825210571,1
Burt Reynolds isMarriedTo Judy Carne,0.4310207367,1
Michael Dowse created FUBAR  film ,0.4461698532,1
Louis IX of France isMarriedTo Margaret of Provence,0.42594635490000005,1
Alexandra Wentworth isMarriedTo George Stephanopoulos,0.42764258380000003,1
Erica Kane isMarriedTo Jackson Montgomery,0.9015904665000001,1
Cécile de Maron isMarriedTo Leonard von Lahnstein,0.416775465,1
Barbara Rush isMarriedTo Jeffrey Hunter,0.4106097221,1
Guangxu Emperor isMarriedTo Empress Dowager Longyu,0.42764258380000003,1
Barack Obama isMarriedTo Michelle Obama,0.6512963176,1
Louise of Sweden isMarriedTo Frederick VIII of Denmark,0.43424049020000005,1
Ted Hartley isMarriedTo Dina Merrill,0.4470141232,1
Leonid Trauberg created The Youth of Maxim,0.4160688221,1
Prince Franz of Bavaria isMarriedTo Princess Isabella Antonie of Croÿ,0.47934579850000003,1
Robert Kardashian isMarriedTo Kris Jenner,0.5499971509,1
Marco Ferreri created The Ape Woman,0.42106401920000003,1
Abel Gance created J'accuse!  1938 film ,0.5185357928000001,1
Erica Kane isMarriedTo Dimitri Marick,0.45707455280000003,1
Mercedes of Orléans isMarriedTo Alfonso XII of Spain,0.6529961824,1
Kevin Munroe created Teenage Mutant Ninja Turtles  film series ,0.42764258380000003,1
Queen Sonja of Norway isMarriedTo Harald V of Norway,0.4633438587,1
Paul Auster created Blue in the Face,0.4143872857,1
Claire Bloom isMarriedTo Rod Steiger,0.3942225575,1
Francis I of the Two Sicilies isMarriedTo Archduchess Maria Clementina of Austria,0.42764243479999997,1
Princess Isabella Antonie of Croÿ isMarriedTo Prince Franz of Bavaria,0.5357314348,1
Neela Rasgotra isMarriedTo Tony Gates,0.5105772614,1
Arthur Miller isMarriedTo Marilyn Monroe,0.4327291846,1
Dorian Lord isMarriedTo David Vickers,0.42764258380000003,1
Mary Lee Woods isMarriedTo Conway Berners-Lee,0.42764258380000003,1
Donald Knuth isKnownFor The Art of Computer Programming,0.34250995520000005,1
Princess Beatrice of the United Kingdom isMarriedTo Prince Henry of Battenberg,0.5567080975,1
Abdullah I of Jordan isMarriedTo Musbah bint Nasser,0.5745271444,1
Sheldon Reynolds  producer  created Killer's Carnival,0.4356232285,1
Vera Nabokov isMarriedTo Vladimir Nabokov,0.4134325385,1
Eddie Griffin actedIn Dysfunktional Family,0.7281428576000001,1
William IV of the United Kingdom isMarriedTo Adelaide of Saxe-Meiningen,0.42764258380000003,1
Emilio Fernández directed Río Escondido  1948 film ,0.41419270630000005,1
Frank Buck  animal collector  isMarriedTo Amy Leslie,0.42764258380000003,1
Alex Chandon actedIn Chainsaw Scumfuck,0.4060115814,1
Guy Ritchie created The Hire,0.42764258380000003,1
Saeed Akhtar Mirza created Arvind Desai Ki Ajeeb Dastaan,0.34250995520000005,1
Leonid Trauberg directed Alone  1931 film ,0.34250992539999997,1
Warren Beatty produced Dick Tracy  1990 film ,0.5135737658,1
Abel Gance created The Ironmaster,0.42764258380000003,1
Jaya Bachchan isMarriedTo Amitabh Bachchan,0.6013643742,1
Chris Rock actedIn I Think I Love My Wife,0.3425098956,1
Vilsoni Hereniko directed The Land Has Eyes,0.34250992539999997,1
Masud Ahmad hasAcademicAdvisor Riazuddin  physicist ,0.3425098658,1
Joe McStravick directed Murphy 771,0.4803345799,1
Warren Beatty produced Reds  film ,0.34250992539999997,1
Isabel Coixet created My Life Without Me,0.39938259119999997,1
Henri-Georges Clouzot directed La Vérité  film ,0.44530898329999996,1
Parris Glendening isMarriedTo Frances Hughes Glendening,0.44530898329999996,1
Sigismund III Vasa isMarriedTo Constance of Austria,0.982727468,1
Paul Spence actedIn FUBAR 2  film ,0.42764258380000003,1
Cliff Robertson directed J. W. Coop,0.34250992539999997,1
Farida of Egypt isMarriedTo Farouk of Egypt,0.5236159563,1
Kris Jenner isMarriedTo Bruce Jenner,0.5745577812,1
Louise of Hesse-Kassel isMarriedTo Christian IX of Denmark,0.34250992539999997,1
Olu Jacobs isMarriedTo Joke Silva,0.5602130294,1
Ward Kimball produced Man in Space,0.4250917435,1
Gabrielle Giffords isMarriedTo Mark E. Kelly,0.43280607460000003,1
King Vidor directed Three Wise Fools  1923 film ,0.34250992539999997,1
Frederick Kagan isMarriedTo Kimberly Kagan,0.4413212836,1
Maurice Cloche created La Portatrice di pane  1950 film ,0.5152810811999999,1
Giuseppe Colizzi created All the Way  Boys,0.5424413681,1
Maria Theresa of Austria-Este  1849–1919  isMarriedTo Ludwig III of Bavaria,0.43936926130000004,1
Warren Beatty produced Love Affair  1994 film ,0.48697873950000004,1
Charles Emmanuel III of Sardinia isMarriedTo Countess Palatine Anne Christine of Sulzbach,0.519942224,1
Isabella of Angoulême isMarriedTo John of England,0.4519806504,1
Rod Lurie created The Contender  2000 film ,0.5061612129,1
Becky Stark directed Califunya,0.4608120918,1
Beadie Russell isMarriedTo Jimmy McNulty,0.3425098658,1
Sancho I of Portugal isMarriedTo Dulce of Aragon,0.5809990764,1
Ferdinand VII of Spain isMarriedTo Maria Josepha of Saxony,0.6890217066,1
King Vidor directed His Hour,0.34250995520000005,1
Elizabeth the Cuman isMarriedTo Stephen V of Hungary,0.34250992539999997,1
Norma Shearer isMarriedTo Irving Thalberg,0.48700603840000006,1
Norman Mailer produced Maidstone  film ,0.34250992539999997,1
R. Kannan created Jayamkondaan,0.9831727743,0
Warren Beatty isMarriedTo Annette Bening,0.4148673415,1
René of Anjou isMarriedTo Jeanne de Laval,0.9831944108,1
Victor Salva created Clownhouse,0.42764258380000003,1
Emily McLaughlin isMarriedTo Jeffrey Hunter,0.4547978938,1
Masud Ahmad livesIn Islamabad Capital Territory,0.4952133596,1
Esperanza Baur isMarriedTo John Wayne,0.42764258380000003,1
Hank Gannon isMarriedTo Nora Hanen,0.44548836350000004,1
Emilio Fernández created Siempre tuya,0.42764258380000003,1
Giuseppe Colizzi directed All the Way  Boys,0.4808550179,1
Adam Cheng isMarriedTo Lydia Shum,0.4587928355,1
Alex Chandon created Bad Karma  1991 film ,0.4762486219,1
Prince Feodor Alexandrovich of Russia isMarriedTo Irina Pavlovna Paley,0.3425098658,1
Prince Axel of Denmark isMarriedTo Princess Margaretha of Sweden,0.3425098658,1
Madonna  entertainer  produced I'm Going to Tell You a Secret,0.982727468,1
Kay Kendall isMarriedTo Rex Harrison,0.42764258380000003,1
Świętosława of Poland isMarriedTo Vratislaus II of Bohemia,0.4901762009,1
Robin Williams produced Mrs. Doubtfire,0.42764258380000003,1
Bert Haanstra created Mirror of Holland,0.4634473324,1
Jimmy McNulty isMarriedTo Beadie Russell,0.4633438587,1
Cynthia Villar isMarriedTo Manny Villar,0.9922053218000001,1
Vajiravudh isMarriedTo Suvadhana,0.4584923983,1
Yılmaz Güney created Zavallılar,0.42764258380000003,1
Christian IX of Denmark isMarriedTo Louise of Hesse-Kassel,0.42764264350000003,1
Noboru Iguchi created Oira Sukeban,0.3838253021,1
Rodney Dangerfield produced Rover Dangerfield,0.9662021995000001,1
David E. Durston created I Drink Your Blood,0.9347850084,1
Princess Firyal of Jordan isMarriedTo Prince Muhammad bin Talal,0.4950791299,1
Princess Léa of Belgium isMarriedTo Prince Alexander of Belgium,0.42323285340000005,1
Princess Helena of the United Kingdom isMarriedTo Prince Christian of Schleswig-Holstein,0.5702466965,1
Annette Bening isMarriedTo Warren Beatty,0.44021645189999997,1
Maximilian I of Mexico isMarriedTo Charlotte of Belgium,0.3425098956,1
Paul Spence produced FUBAR 2  film ,0.5999705195,1
Marissa Tasker isMarriedTo JR Chandler,0.41584604979999995,1
Grand Duke Michael Alexandrovich of Russia isMarriedTo Natalia Brasova,0.3843609095,1
Jamil Dehlavi created The Blood of Hussain,0.3854900301,1
Siva Selliah livesIn Colombo,0.9289007187,1
Warren Beatty created Reds  film ,0.5310805439999999,1
Françoise Rosay isMarriedTo Jacques Feyder,0.3854899704,1
Edward VII of the United Kingdom isMarriedTo Alexandra of Denmark,0.42640727759999997,1
Jennifer Rappaport hasChild Joey Buchanan,0.41696983579999997,1
Abel Gance created Barberousse,0.4106097221,1
Saeed Akhtar Mirza created Salim Langde Pe Mat Ro,0.4577527046,1
Henri-Georges Clouzot created Manon  film ,0.47207131979999994,1
Lilli Palmer isMarriedTo Carlos Thompson,0.57194978,1
Demi Moore isMarriedTo Bruce Willis,0.3986256123,1
Patricia Wettig isMarriedTo Ken Olin,0.42764258380000003,1
Peter IV of Aragon isMarriedTo Eleanor of Sicily,0.41606006030000003,1
Alexandre Astruc created The Crimson Curtain,0.42764264350000003,1
Miguel Lopez-Fitzgerald isMarriedTo Kay Bennett,0.9380303620999999,1
Jorge Lanata directed Deuda,0.42764258380000003,1
Jacques Feyder created Carnival in Flanders  film ,0.5198202729,1
Judith of Habsburg isMarriedTo Wenceslaus II of Bohemia,0.415591836,1
Grand Duke Alexander Mikhailovich of Russia isMarriedTo Grand Duchess Xenia Alexandrovna of Russia,0.46672841909999996,1
Archduke Charles Stephen of Austria isMarriedTo Archduchess Maria Theresa of Austria  1862–1933 ,0.42764258380000003,1
Tina Lord isMarriedTo Cord Roberts,0.42764264350000003,1
Luis Bayón Herrera created Buenos Aires a la vista,0.5166307688,1
Marie José of Belgium isMarriedTo Umberto II of Italy,0.4491711259,1
Raquel Torres isMarriedTo Jon Hall,0.4807017744,1
Hortense de Beauharnais isMarriedTo Louis Bonaparte,0.5166307092,1
Sean Penn isMarriedTo Robin Wright Penn,0.42764258380000003,1
Serge Gainsbourg directed Je t'aime... moi non plus  film ,0.9669585228,1
Emilio Fernández created Maclovia  1948 film ,0.4225498736,1
King Vidor directed The Turn in the Road,0.34250992539999997,1
Phillip Spaulding hasChild Harley Cooper,0.4250917435,1
Michael Tolkin created The Rapture  film ,0.8382523059,1
Gustav IV Adolf of Sweden isMarriedTo Frederica of Baden,0.9673705101000001,1
Empress Dowager Longyu isMarriedTo Guangxu Emperor,0.4059850276,1
Tad Martin isMarriedTo Brooke English,0.46844467520000005,1
Archduke Gottfried of Austria isMarriedTo Princess Dorothea of Bavaria,0.5160434246,1
Jean-Pierre Mocky created Un drôle de paroissien,0.479329735,1
Harry Towb isMarriedTo Diana Hoddinott,0.34250992539999997,1
Jacques Doillon directed La Vengeance d'une femme,0.42764258380000003,1
Warren Beatty actedIn Dick Tracy  1990 film ,0.39372560380000005,1
Agrippina the Younger isMarriedTo Claudius,0.42764258380000003,1
Yang Jiang isMarriedTo Qian Zhongshu,0.42569300530000004,1
Alex Chandon created Chainsaw Scumfuck,0.42764258380000003,1
Jacques Feyder directed L'Atlantide  1921 film ,0.42764258380000003,1
Nash Brennan isMarriedTo Jessica Buchanan,0.4276427925,1
Prajadhipok isMarriedTo Rambhai Barni,0.42764258380000003,1
Jacques Doillon created Ponette,0.42764258380000003,1
Victor Salva produced Clownhouse,0.42764258380000003,1
Tony Gates isMarriedTo Neela Rasgotra,0.425176084,1
Stephanie J. Block isMarriedTo Sebastian Arcelus,0.4658367634,1
Donald Knuth created The Art of Computer Programming,0.9347850084,1
Irina Pavlovna Paley isMarriedTo Prince Feodor Alexandrovich of Russia,0.9349225163,1
Margaret of Provence isMarriedTo Louis IX of France,1.6681336761,1
Raja Nazrin Shah isMarriedTo Zara Salim Davidson,0.4260057807,1
Quentin Tarantino created My Best Friend's Birthday,0.42764258380000003,1
Yılmaz Güney produced Yol,0.42764258380000003,1
Donald Knuth isKnownFor TeX,0.9288162589,1
Emilio Estevez produced The War at Home  film ,0.4083383679,1
Jon Cypher isMarriedTo Carol Rosin,0.487895906,1
Phillip Spaulding isMarriedTo Olivia Spencer,0.4203598201,1
Cord Roberts isMarriedTo Tina Lord,0.49375420810000004,1
Jeanne de Laval isMarriedTo René of Anjou,0.5664188266,1
Alan Rudolph created Love at Large,0.4822578132,1
Noboru Iguchi directed Oira Sukeban,0.4402449429,1
Iain Softley created Backbeat  film ,0.42764258380000003,1
Nasser Taghvai created Tales of Kish,0.42764264350000003,1
Steven E. de Souza directed Possessed  2000 film ,0.43319088219999996,1
Vratislaus II of Bohemia isMarriedTo Świętosława of Poland,0.4030945897,1
Sam Marx isMarriedTo Minnie Marx,0.9503982365000001,1
Angela Pan isMarriedTo Chan Hung-lit,0.34250992539999997,1
Olivia Spencer isMarriedTo Phillip Spaulding,0.4057770669,1
Princess Helena Adelaide of Schleswig-Holstein-Sonderburg-Glücksburg isMarriedTo Prince Harald of Denmark,0.43940714,1
Jaime Camino created Spain Again,0.34250992539999997,1
Trip Hawkins created Electronic Arts,0.42764258380000003,1
Turai Yar'Adua isMarriedTo Umaru Yar'Adua,0.4695131481,1
Eleanor of Alburquerque isMarriedTo Ferdinand I of Aragon,0.5110214949,1
Amarindra isMarriedTo Buddha Yodfa Chulaloke,0.4073320925,1
Noah Bennett isMarriedTo Paloma Lopez-Fitzgerald,0.49386876820000003,1
Alex Chandon directed Drillbit  film ,0.7467705011,1
Juan Carlos I of Spain isMarriedTo Queen Sofía of Spain,0.42764258380000003,1
Marguerite Snow isMarriedTo James Cruze,0.42053043840000004,1
Peter Guinness  actor  isMarriedTo Roberta Taylor,0.9673920274,1
Abel Gance created Les Gaz mortels,0.43145999310000005,1
Fox Crane isMarriedTo Kay Bennett,0.34250992539999997,1
Jacques Feyder directed Faces of Children,0.43543997409999996,1
Rick Rubin created Tougher Than Leather  film ,0.4240394235,1
Queen Paola of Belgium isMarriedTo Albert II of Belgium,0.982727468,1
Gwyneth Strong isMarriedTo Jesse Birdsall,0.42764264350000003,1
Al Pacino actedIn Looking for Richard,0.418163985,1
Alan Rudolph created Welcome to L.A.,0.42764258380000003,1
Maurice Cloche directed La Portatrice di pane  1950 film ,0.5469409823,1
Kenneth Branagh actedIn Henry V  1989 film ,0.6795397997,1
Ann Sothern isMarriedTo Robert Sterling,0.4153741896,1
Arthur Sheekman isMarriedTo Gloria Stuart,0.42594635490000005,1
Ray Barnett isMarriedTo Neela Rasgotra,0.42764258380000003,1
Frank D. Gilroy directed Desperate Characters,0.4812272489,1
Jacques Doillon created The Hussy,0.39938259119999997,1
Witold Leszczyński directed Matthew's Days,0.4402449429,1
Vic Morrow directed A Man Called Sledge,0.42764258380000003,1
Pilar Pallete isMarriedTo John Wayne,0.4010510445,1
Marco Ferreri created Liza  film ,0.43915259840000004,1
John II of Aragon isMarriedTo Juana Enríquez,0.40107712149999997,1
Maria von Trapp isMarriedTo Georg Ludwig von Trapp,0.43442431090000005,1
Emilio Fernández produced La Choca,0.574254334,1
Kamal Haasan actedIn Thevar Magan,0.42764264350000003,1
Kathleen Merrell White isMarriedTo Arthur Kent White,0.9743967056,1
Dave McKean created MirrorMask,0.9831892848,1
Marco Ferreri created The Conjugal Bed,0.4274803698,1
Prince Alexander of Saxe-Gessaphe isMarriedTo Princess Gisela of Bavaria,0.39575290679999997,1
Mileva Marić isMarriedTo Albert Einstein,0.4258936942,1
George Stephanopoulos isMarriedTo Alexandra Wentworth,0.4163707495,1
Joséphine de Beauharnais isMarriedTo Napoleon I,0.8883138597,1
Sandra Goldbacher directed Me Without You  film ,0.6529961824,1
Judy Dickinson isMarriedTo Gardner Dickinson,0.4559878111,1
Felix Yusupov isMarriedTo Princess Irina Alexandrovna of Russia,0.42764258380000003,1
Ludwig I of Bavaria isMarriedTo Therese of Saxe-Hildburghausen,0.34250992539999997,1
Al Pacino directed Looking for Richard,0.4897687435,1
Dominique Deruddere directed Everybody's Famous!,0.44482582810000004,1
Erin Hershey Presley isMarriedTo Brian Presley,0.41935601829999997,1
Theresa Lopez-Fitzgerald Crane isMarriedTo Ethan Winthrop,0.3860255778,1
Caroline Bonaparte isMarriedTo Joachim Murat,0.40707454090000006,1
Bruce Jenner isMarriedTo Kris Jenner,0.5150529146,1
Rex Balsom isMarriedTo Adriana Cramer,0.4711924493,1
Olivia Winters isMarriedTo Nathan Hastings,0.34250992539999997,1
Luis Bayón Herrera directed Buenos Aires a la vista,0.9676716328,1
Sunandha Kumariratana isMarriedTo Chulalongkorn,0.44408339259999996,1
Chulalongkorn isMarriedTo Sunandha Kumariratana,0.42764258380000003,1
Anna Lee isMarriedTo Robert Nathan,0.3425098658,1
Yılmaz Güney created Yol,0.525008142,1
Joanna of Castile isMarriedTo Philip I of Castile,0.4762240052,1
Zofia Czartoryska isMarriedTo Stanisław Kostka Zamoyski,0.40683993700000004,1
Maria of Navarre isMarriedTo Peter IV of Aragon,0.42859008909999996,1
Kevin Munroe directed Teenage Mutant Ninja Turtles  film series ,0.43180125950000003,1
Emeric of Hungary isMarriedTo Constance of Aragon,0.9350595474,1
Charles Ingalls isMarriedTo Caroline Ingalls,0.4344630241,1
Dominique Deruddere produced Everybody's Famous!,0.4159270525,1
Michael Dowse created It's All Gone Pete Tong,0.4147265553,1
Viacheslava of Novgorod isMarriedTo Bolesław IV the Curly,0.42652979490000004,1
Isabel Coixet directed My Life Without Me,0.463176012,1
Frederica of Baden isMarriedTo Gustav IV Adolf of Sweden,0.4216282368,1
Jeffrey Hunter isMarriedTo Emily McLaughlin,0.5515480638,1
Bert Haanstra created Alleman  film ,0.43652692439999996,1
Arthur Rankin directed  Jr. The Hobbit  1977 film ,0.34250992539999997,1
Princess Irina Alexandrovna of Russia isMarriedTo Felix Yusupov,0.3425098658,1
Rod Lurie directed The Contender  2000 film ,0.43058499689999996,1
Mieszko III the Old isMarriedTo Elisabeth of Hungary  1128–1154 ,0.9290646315000001,1
Princess Mikasa isMarriedTo Prince Mikasa,0.34250992539999997,1
Jim Elliot isMarriedTo Elisabeth Elliot,0.4424719512,1
Patricia Donoho Hughes isMarriedTo Harry Hughes,0.4449675083,1
Denis Héroux directed Naked Massacre,0.42764258380000003,1
Anastasia of Russia isMarriedTo Ivan IV of Russia,0.42764258380000003,1
King Vidor created Poor Relations,0.9674496054999999,1
Robin Wright Penn isMarriedTo Sean Penn,0.4143872857,1
Kenneth Branagh actedIn Peter's Friends,0.982727468,1
Giovanna of Italy isMarriedTo Boris III of Bulgaria,0.6248285174,1
Brooke English isMarriedTo Tad Martin,0.5278193951,1
June Diane Raphael isMarriedTo Paul Scheer,0.45754122729999996,1
Marisa Ryan isMarriedTo Jeremy Sisto,0.8996095657,1
Musbah bint Nasser isMarriedTo Abdullah I of Jordan,0.4321557581,1
Clint Buchanan isMarriedTo Lindsay Rappaport,0.42764258380000003,1
Ward Kimball created Man in Space,0.4436353147,1
Ferdinand I of the Two Sicilies isMarriedTo Maria Carolina of Austria,0.5320439935,1
Chulalongkorn isMarriedTo Savang Vadhana,0.42764258380000003,1
Madonna  entertainer  actedIn I'm Going to Tell You a Secret,0.9611447453,1
Julia the Elder isMarriedTo Tiberius,0.4826727808,1
Mavis Leno isMarriedTo Jay Leno,0.3425098658,1
Warren Beatty actedIn Heaven Can Wait  1978 film ,0.34250992539999997,1
Michael Dowse created FUBAR 2  film ,0.42764258380000003,1
Peter IV of Aragon isMarriedTo Sibila of Fortia,0.4474327564,1
Kris Jenner isMarriedTo Robert Kardashian,0.39227566119999996,1
Adam Chandler hasChild Gloria Marsh,0.474442184,1
Riazuddin  physicist  livesIn Islamabad Capital Territory,0.5161028504,1
Bert Haanstra directed Alleman  film ,0.4191691279,1
Marco Ferreri directed I Love You  1986 film ,0.42764258380000003,1
Prince Joachim of Denmark isMarriedTo Princess Marie of Denmark,0.9674741029999999,1
Jacques Feyder created Le Grand Jeu  1934 film ,0.5195811987,1
Cleve Moler created MATLAB,0.42764258380000003,1
Marty Feldman created In God We Tru$t,0.43446293469999997,1
Marco Ferreri created Break Up  film ,0.42764258380000003,1
Anne of Kiev isMarriedTo Henry I of France,0.4556016624,1
Leonid Trauberg created Alone  1931 film ,0.34250992539999997,1
Charles Napoléon isMarriedTo Princess Béatrice of Bourbon-Two Sicilies,0.4366056025,1
Bibi Gaytán isMarriedTo Eduardo Capetillo,0.5116584896999999,1
Quentin Tarantino created From Dusk till Dawn,0.41947332020000005,1
King Vidor directed Poor Relations,0.4331719279,1
Ferdinand I of Portugal isMarriedTo Leonor Telles de Menezes,0.34250992539999997,1
Rudolph I of Germany isMarriedTo Isabella of Burgundy  1270–1323 ,0.6879681349,1
Lady Elizabeth Mortimer isMarriedTo Henry Hotspur Percy,0.4413554668,1
Buddha Yodfa Chulaloke isMarriedTo Amarindra,0.4106098115,1
Maurice Cloche created Born of Unknown Father,0.45582431549999997,1
Prince Tomohito of Mikasa isMarriedTo Princess Tomohito of Mikasa,0.42764258380000003,1
Victor Emmanuel II of Italy isMarriedTo Maria Adelaide of Austria,0.3961146772,1
Frederick William III of Prussia isMarriedTo Louise of Mecklenburg-Strelitz,0.3950910568,1
King Vidor created Three Wise Fools  1923 film ,0.9673110843000001,1
Lynn Bari isMarriedTo Sidney Luft,0.6806240081999999,1
Leander Haußmann directed Sonnenallee,0.5499971509,1
Christine Rodd isMarriedTo Allan Steiger,0.4658367634,1
Bertha of Holland isMarriedTo Philip I of France,0.3854900301,1
Saeed Akhtar Mirza produced Albert Pinto Ko Gussa Kyon Aata Hai,0.4644391537,1
Jill Hennessy created The Acting Class,0.43563532829999996,1
Betty Compson isMarriedTo James Cruze,0.43581783770000004,1
Carol Jackson hasChild Sonia Fowler,0.6545621157,1
Princess Margaret of Denmark isMarriedTo Prince René of Bourbon-Parma,0.5983674526,1
Gerry Anderson isMarriedTo Sylvia Anderson,0.7169113159,1
Lucien Hubbard created Rose-Marie  1928 film ,0.42764258380000003,1
Serge Gainsbourg created Je t'aime... moi non plus  film ,0.34250992539999997,1
Carol Rosin isMarriedTo Jon Cypher,0.42764258380000003,1
Tage Danielsson created The Adventures of Picasso,0.42764264350000003,1
Andrew Lane directed Jake Speed,0.4284599125,1
Prince Mikasa isMarriedTo Princess Mikasa,0.34250992539999997,1
Kevin Munroe created TMNT  film ,0.4318557382,1
Yılmaz Güney directed Zavallılar,0.42568743229999995,1
King Vidor created The Turn in the Road,0.4439871311,1
Kenneth Branagh actedIn Love's Labour's Lost  2000 film ,0.4439871311,1
Nelson George directed Life Support  film ,0.4318557382,1
Grand Duchess Xenia Alexandrovna of Russia isMarriedTo Grand Duke Alexander Mikhailovich of Russia,0.491738975,1
Michael Dowse directed FUBAR  film ,0.45129153130000005,1
Frederick II of Denmark isMarriedTo Sophie of Mecklenburg-Güstrow,0.4349069297,1
Elena of Montenegro isMarriedTo Victor Emmanuel III of Italy,0.4702173173,1
Alan Rudolph directed Welcome to L.A.,0.4255886674,1
Márton Keleti created Two Confessions,0.4026250243,1
Roberta Taylor isMarriedTo Peter Guinness  actor ,0.4264235497,1
Todd Manning hasChild Blair Cramer,0.4030945897,1
Elisabeth Ludovika of Bavaria isMarriedTo Frederick William IV of Prussia,0.42764258380000003,1
Emilio Fernández created La Choca,0.42764258380000003,1
Alan Rudolph directed Trixie  film ,0.3854900301,1
Michael Dowse produced FUBAR 2  film ,0.5227360128999999,1
Benito Alazraki directed Roots  film ,0.34250992539999997,1
Prince Harald of Denmark isMarriedTo Princess Helena Adelaide of Schleswig-Holstein-Sonderburg-Glücksburg,1.3999568222999998,1
Lotte Reiniger created The Adventures of Prince Achmed,0.5864526032999999,1
Solomonia Saburova isMarriedTo Vasili III of Russia,0.4455212653,1
Saeed Akhtar Mirza created Albert Pinto Ko Gussa Kyon Aata Hai,0.34250992539999997,1
Dina Merrill isMarriedTo Ted Hartley,0.4219606817,1
Sarah Clarke isMarriedTo Xander Berkeley,0.42764258380000003,1
Marco Ferreri directed Bye Bye Monkey,0.43185570840000004,1
Marie of Anjou isMarriedTo Charles VII of France,0.44754686950000006,1
Manish Gupta directed The Stoneman Murders,0.34250992539999997,1
Amelia Earhart isMarriedTo George P. Putnam,0.7155877352,1
Chris Rock directed I Think I Love My Wife,0.9363157153,1
Kenneth Branagh produced Peter's Friends,0.6833407283,1
Nefertiti isMarriedTo Akhenaten,0.9129846692,1
Gardner Dickinson isMarriedTo Judy Dickinson,0.516380012,1
Tana Ramsay isMarriedTo Gordon Ramsay,0.4413212836,1
Maurice Cloche directed Born of Unknown Father,0.4527757466,1
Dina Merrill isMarriedTo Cliff Robertson,0.342509985,1
Craig Ferguson directed I'll Be There  film ,0.42764258380000003,1
Maria Nagaya isMarriedTo Ivan IV of Russia,0.4756297171,1
Robert Sterling isMarriedTo Ann Sothern,0.4678805768,1
Kamal Haasan produced Thevar Magan,0.7548750043000001,1
Amy Leslie isMarriedTo Frank Buck  animal collector ,0.982727468,1
Peter Sollett created Raising Victor Vargas,0.6945133209000001,1
Nicolas Roeg directed Aria  1987 film ,0.4030945897,1
Ann Smith Franklin isMarriedTo James Franklin  printer ,0.4677485824,1
King Vidor created Better Times  1919 film ,0.4520181715,1
Abel Gance produced Au Secours!,0.42764258380000003,1
Marie Prevost isMarriedTo Kenneth Harlan,0.8975874186,1
Russell Crowe isMarriedTo Danielle Spencer  Australian singer ,0.0183983445,1
Lydia Shum isMarriedTo Adam Cheng,0.5647439957,1
Cynthia Stone isMarriedTo Jack Lemmon,0.34250992539999997,1
Michel Ocelot directed Princes et princesses,0.4646278024,1
Jennifer Rappaport isMarriedTo Joey Buchanan,0.4151819348,1
Princess Sarvath El Hassan isMarriedTo Prince Hassan bin Talal,0.7196179032,1
Frank D. Gilroy created Desperate Characters,0.425349474,1
Yılmaz Güney actedIn Zavallılar,0.42816537619999995,1
Prince George of Denmark isMarriedTo Anne of Great Britain,0.42578071359999997,1
Eric Fellner isMarriedTo Gaby Dellal,0.44643953439999995,1
Arcadia Bandini de Stearns Baker isMarriedTo Abel Stearns,0.471540451,1
Srinagarindra isMarriedTo Mahidol Adulyadej,1.3111879229,1
Jorge Lanata created Deuda,0.4276427627,1
Yılmaz Güney directed Yol,0.4191691875,1
Eleanor of Sicily isMarriedTo Peter IV of Aragon,0.4975863993,1
Bill Condon directed Dreamgirls  film ,0.4714843929,1
Louis Bonaparte isMarriedTo Hortense de Beauharnais,0.9827275276,1
Alex Fong  actor  isMarriedTo Hoyan Mok,0.4540683925,1
Leander Haußmann created NVA  film ,0.4356802106,1
Masud Ahmad livesIn Islamabad,0.48753947020000005,1
Nicolas Roeg created Aria  1987 film ,0.34250992539999997,1
Luis Bayón Herrera created Jettatore,0.4402449429,1
Quentin Tarantino produced My Best Friend's Birthday,0.4219606519,1
Abel Gance directed Poliche,0.42764258380000003,1
Natalie Buchanan isMarriedTo Jared Banks,0.9663190842,1
Marshall Brickman directed Simon  1980 film ,0.42764258380000003,1
Gaius Caesar isMarriedTo Livilla  sister of Claudius ,0.9351216554999999,1
Lucien Hubbard created The Mysterious Island  1929 film ,0.42135548590000005,1
Bo Buchanan isMarriedTo Nora Hanen,0.39938259119999997,1
Constantine II of Greece isMarriedTo Queen Anne-Marie of Greece,0.5220928192000001,1
Napoleon Louis Bonaparte isMarriedTo Charlotte Napoléone Bonaparte,0.42764258380000003,1
Nora Hanen isMarriedTo Clint Buchanan,0.34250995520000005,1
Theresa Russell isMarriedTo Nicolas Roeg,0.42764258380000003,1
Maurice Cloche directed Peppino e Violetta,0.6737239361,1
Norodom Sihanouk directed The Last Days of Colonel Savath,0.34250992539999997,1
Karl Hartl directed Mozart  1955 film ,0.9149537086,1
John I of Aragon isMarriedTo Violant of Bar,0.34250992539999997,1
Christiane Amanpour isMarriedTo James Rubin,0.456608206,1
Jared Banks isMarriedTo Natalie Buchanan,0.8273599744,1
Diane Keen isMarriedTo Paul Greenwood,0.4632705152,1
Sheldon Reynolds  producer  directed Killer's Carnival,0.4134325087,1
Clive Barker created Lord of Illusions,0.6236963868,1
Warren Beatty produced Bulworth,0.34250992539999997,1
Ibrahim Nasir isMarriedTo Naseema Mohamed,0.4169361889,1
Narriman Sadek isMarriedTo Farouk of Egypt,0.4463302493,1
Alan Rudolph directed Trouble in Mind  film ,0.43056350950000005,1
Mitsuaki Hoshino isMarriedTo Yūko Kobayashi,0.45597729090000005,1
Ferdinand I of Aragon isMarriedTo Eleanor of Alburquerque,0.009042223,1
Jerry Seinfeld produced Bee Movie,0.6864496469,1
Ishirō Honda directed Godzilla  1954 film ,0.6202318668,1
Joey Buchanan isMarriedTo Jennifer Rappaport,0.44278699159999996,1
Julie Clary isMarriedTo Joseph Bonaparte,0.6801735163,1
Nathan Hastings hasChild Olivia Winters,0.9670281409999999,1
Martha of Armagnac isMarriedTo John I of Aragon,0.49274474380000005,1
Arthur Rankin directed  Jr. The Flight of Dragons,0.4724304378,0
Jane Wyman isMarriedTo Ronald Reagan,0.9670921564,1
Qian Zhongshu isMarriedTo Yang Jiang,0.34250992539999997,1
Michele Lupo created The Master Touch,0.982727468,1
Princess Tomohito of Mikasa isMarriedTo Prince Tomohito of Mikasa,0.47444829340000005,1
Tonia Marketaki directed Crystal Nights,0.34250992539999997,1
Charles I of Austria isMarriedTo Zita of Bourbon-Parma,0.42423009869999995,1
John of England isMarriedTo Isabella of Angoulême,0.5052387714,1
Warren Beatty directed Reds  film ,0.9827275276,1
Paul Spence produced FUBAR  film ,0.5664188266,1
Archduke Ferdinand Karl Viktor of Austria-Este isMarriedTo Archduchess Elisabeth Franziska of Austria,0.42764264350000003,1
Arthur Rankin produced  Jr. The Daydreamer,0.34250992539999997,1
Seth Cohen isMarriedTo Summer Roberts,0.42764258380000003,1
Param Gill created Hotel Hollywood,0.4030945897,1
Archduchess Maria Theresa of Austria  1862–1933  isMarriedTo Archduke Charles Stephen of Austria,0.42764258380000003,1
Maija DiGiorgio directed Bitter Jester,0.4557040632,1
Dimpy Mahajan isMarriedTo Rahul Mahajan  Reality TV Personality ,0.6593967676,1
David Dhawan directed Taaqatwar,0.41619220380000005,1
Ivan IV of Russia isMarriedTo Maria Nagaya,0.982727468,1
Abel Gance directed Au Secours!,0.43338117,1
Guan Hu directed Dirt  1994 film ,0.9667591453000001,1
Pauline Koch isMarriedTo Hermann Einstein,0.5173697472,1
Henry III of France isMarriedTo Louise of Lorraine,0.38505229350000003,1
Dominique-France Picard isMarriedTo Fuad II of Egypt,0.5195811987,1
Violant of Bar isMarriedTo John I of Aragon,0.42764258380000003,1
Kenneth Harlan isMarriedTo Marie Prevost,0.42764264350000003,1
Ken Olin isMarriedTo Patricia Wettig,0.67895329,1
Witold Leszczyński created Matthew's Days,0.9827276468,1
Abel Gance created Le droit à la vie,0.39095675950000003,1
Prince Alexander of Belgium isMarriedTo Princess Léa of Belgium,0.42764258380000003,1
Arthur Kent White isMarriedTo Kathleen Merrell White,0.3988951743,1
Neil Gaiman created A Short Film About John Bolton,0.47827434539999997,1
Palito Ortega actedIn El Tío Disparate,0.39566048979999996,1
Princess Marie of Orléans  1865–1909  isMarriedTo Prince Valdemar of Denmark,0.5239741802000001,1
Dani Levy created Alles auf Zucker!,0.47823873159999997,1
Matilda of Holstein isMarriedTo Abel of Denmark,0.4127961993,1
Dimitri Marick isMarriedTo Erica Kane,0.6230227351,1
Kay Bennett isMarriedTo Fox Crane,0.34250992539999997,1
Lilyan Tashman isMarriedTo Edmund Lowe,0.42764258380000003,1
Abel Gance created La Digue  film ,0.4373797774,1
Jesse Birdsall isMarriedTo Gwyneth Strong,0.5007405281,1
R. Kannan directed Jayamkondaan,0.982727468,1
Afonso I of Portugal isMarriedTo Maud of Savoy,0.967512548,1
Abel Gance created Poliche,0.4207159281,1
Olga Feodorovna of Baden isMarriedTo Grand Duke Michael Nikolaevich of Russia,0.4207159579,1
Quentin Tarantino directed Grave Danger,0.6628039479,1
Jacques Feyder created Faces of Children,0.42764258380000003,1
King Vidor created Our Daily Bread  1934 film ,0.34250992539999997,1
Frances Hughes Glendening isMarriedTo Parris Glendening,0.6466866732,1
Gustav III of Sweden isMarriedTo Sophia Magdalena of Denmark,0.42764258380000003,1
Harry Enfield created Kevin & Perry Go Large,0.4594305158,1
Henry II of France isMarriedTo Catherine de' Medici,0.46460092070000003,1
Naseema Mohamed isMarriedTo Ibrahim Nasir,0.3942225575,1
Paul Auster directed Blue in the Face,0.9482272267,1
Chris Rock produced I Think I Love My Wife,0.34250992539999997,1
Louise of Lorraine isMarriedTo Henry III of France,0.42764258380000003,1
Phillip Spaulding isMarriedTo Harley Cooper,0.4191691279,1
Noboru Iguchi directed The Machine Girl,0.4439871311,1
Ishirō Honda created Godzilla  1954 film ,0.4246979058,1
Palito Ortega created El Tío Disparate,0.48568633200000005,1
Umberto II of Italy isMarriedTo Marie José of Belgium,0.4623410404,1
Tamiliam Subas directed Vanni Mouse,0.9670281409999999,1
Carlos Atanes created PROXIMA,0.581858933,1
King Vidor directed Wild Oranges,0.557823658,1
Madonna  entertainer  created I'm Going to Tell You a Secret,0.9300556779000001,1
Warren Beatty directed Heaven Can Wait  1978 film ,0.8841603398000001,1
Jill Hennessy directed The Acting Class,0.6545621157,1
Blair Cramer isMarriedTo Todd Manning,0.9510958790999999,1
Conway Berners-Lee isMarriedTo Mary Lee Woods,0.5576013922999999,1
Georg Balthasar Metzger livesIn Germany,0.34250992539999997,1
Alan Alda directed The Four Seasons  film ,0.42764258380000003,1
Rajan Khosa directed Dance of the Wind,0.982727468,1
Lord Guilford Dudley isMarriedTo Lady Jane Grey,0.3425098956,1
Jeff Donnell isMarriedTo Aldo Ray,0.4427576065,1
Emilio Estevez actedIn The War at Home  film ,0.42464637759999996,1
Fuad II of Egypt isMarriedTo Dominique-France Picard,0.39372560380000005,1
Philip I of France isMarriedTo Bertha of Holland,0.41290897130000004,1
Xu Zhimo isMarriedTo Zhang Youyi,0.8552851676000001,1
Stefania Grodzieńska isMarriedTo Jerzy Jurandot,0.4828692079,1
Bruce Willis isMarriedTo Demi Moore,0.34250992539999997,1
Odoardo Di Santo isMarriedTo Maria Augimeri,0.42764264350000003,1
Gail O'Grady isMarriedTo Jeffrey Byron,0.4695816636,1
Elisabeth of Hungary  1128–1154  isMarriedTo Mieszko III the Old,0.45879277590000006,1
Princess Gisela of Bavaria isMarriedTo Prince Alexander of Saxe-Gessaphe,0.4259849489,1
Elisabeth Elliot isMarriedTo Jim Elliot,0.42764264350000003,1
Oskar Schindler isMarriedTo Emilie Schindler,0.4163707197,1
Abel Gance directed The Tenth Symphony,0.42764258380000003,1
Ursula Thiess isMarriedTo Robert Taylor  actor ,0.4480448067,1
Matilda of Boulogne isMarriedTo Stephen of England,0.4165562093,1
Joss Whedon directed Goners,0.42764258380000003,1
Boris III of Bulgaria isMarriedTo Giovanna of Italy,0.5117857456,1
Victor Emmanuel III of Italy isMarriedTo Elena of Montenegro,0.34250992539999997,1
Peter IV of Aragon isMarriedTo Maria of Navarre,0.42195752259999997,1
Norodom Sihanouk created An Ambition Reduced to Ashes,0.34250992539999997,1
Raymond Bernard created Les Misérables  1934 film ,0.34250992539999997,1
Pakistan Atomic Energy Commission isLocatedIn Islamabad,0.42764258380000003,1
Archduchess Elisabeth Franziska of Austria isMarriedTo Archduke Ferdinand Karl Viktor of Austria-Este,0.41970062259999996,1
Judith of Swabia isMarriedTo Władysław I Herman,0.8105541468,1
Abel Gance directed End of the World  1931 film ,0.15126261119999998,1
Warren Beatty created Heaven Can Wait  1978 film ,0.7369953394,1
Mitch Laurence isMarriedTo Dorian Lord,0.4333811402,1
Serge Gainsbourg directed Équateur  film ,0.9675970078,1
Ivan IV of Russia isMarriedTo Anastasia of Russia,0.3425098658,1
Abel Gance directed Un drame au château d'Acre,0.4474327564,1
Norman Mailer directed Maidstone  film ,0.9428732991,1
Barbara Stanwyck isMarriedTo Frank Fay  American actor ,0.42764258380000003,1
Román Viñoly Barreto created La Bestia debe morir,0.45777893070000003,1
Kirk Cameron isMarriedTo Chelsea Noble,0.34250992539999997,1
Rudolph I of Germany isMarriedTo Gertrude of Hohenburg,0.3425098658,1
Haakon VII of Norway isMarriedTo Maud of Wales,0.42764258380000003,1
Loni Anderson isMarriedTo Burt Reynolds,0.4420254827,1
Bert Haanstra directed Fanfare  film ,0.4251219928,1
Maija DiGiorgio actedIn Bitter Jester,0.420517385,1
Leopold II of Belgium isMarriedTo Marie Henriette of Austria,0.44758623840000006,1
Shuji Kataoka created S&M Hunter,0.9831166267,1
David Mamet created House of Games,0.6491178274,1
Kevin Munroe directed TMNT  film ,0.3989317715,1
Władysław I Herman isMarriedTo Judith of Swabia,0.41584604979999995,1
Paul Scheer isMarriedTo June Diane Raphael,0.42423009869999995,1
Catherine II of Russia isMarriedTo Peter III of Russia,0.42764258380000003,1
Natalia Brasova isMarriedTo Grand Duke Michael Alexandrovich of Russia,0.5715284347999999,1
Jack Norworth isMarriedTo Louise Dresser,0.47265869380000003,1
Vilsoni Hereniko created The Land Has Eyes,0.5110214949,1
Tuesday Weld isMarriedTo Dudley Moore,0.4318557382,1
Abel Stearns isMarriedTo Arcadia Bandini de Stearns Baker,0.34250992539999997,1
M. Night Shyamalan created Praying with Anger,0.4234279096,1
Guy Ritchie directed The Hire,0.43280607460000003,1
Dimitri Marick hasChild Erica Kane,0.9465808272,0
Marshall Brickman produced The Manhattan Project  film ,0.42764258380000003,1
Román Viñoly Barreto produced La Bestia debe morir,0.4412536025,1
Alan Rudolph created Afterglow  film ,0.42764258380000003,1
Jacques Doillon created The Pirate  1984 film ,0.42764258380000003,1
Pannarai isMarriedTo Mongkut,0.4816436768,1
Eduardo Capetillo isMarriedTo Bibi Gaytán,0.4402164221,1
Olivia Spencer hasChild Phillip Spaulding,0.4226774871,1
Edward I of England isMarriedTo Eleanor of Castile,0.5846787095,1
Louise of the Netherlands isMarriedTo Charles XV of Sweden,0.3425098658,1
Diana Hoddinott isMarriedTo Harry Towb,0.4892218411,1
M. Night Shyamalan actedIn Praying with Anger,0.42464637759999996,1
Paul Greenwood isMarriedTo Diane Keen,0.3843609095,1
Marco Ferreri directed The Story of Piera,0.5507027507,1
Abel Gance created Au Secours!,0.42464637759999996,1
Elissa Ambrose isCitizenOf Canada,0.4169175923,1
Amalie Auguste of Bavaria isMarriedTo John of Saxony,0.44441363219999996,1
Astrid of Sweden isMarriedTo Leopold III of Belgium,0.34250992539999997,1
Phillip Spaulding hasChild Olivia Spencer,0.46209871770000005,1
Anastasia of Kiev isMarriedTo Andrew I of Hungary,0.4262449443,1
Adrianne Curry isMarriedTo Christopher Knight,0.42644715310000003,1
John II of Aragon isMarriedTo Blanche I of Navarre,0.42764264350000003,1
Mieszko III the Old isMarriedTo Eudoxia of Kiev,0.3425098658,1
Sunil Dutt directed Reshma Aur Shera,0.3939785957,1
Maud of Wales isMarriedTo Haakon VII of Norway,0.4227415919,1
Princess Margaretha of Sweden isMarriedTo Prince Axel of Denmark,0.4318557382,1
Lady Jane Grey isMarriedTo Lord Guilford Dudley,0.5171032548,1
Denis Héroux created Valérie,0.031686306000000004,1
Marilyn Monroe isMarriedTo Arthur Miller,0.42764258380000003,1
Nicky Henson isMarriedTo Una Stubbs,0.42442700270000006,1
Prince Christian of Schleswig-Holstein isMarriedTo Princess Helena of the United Kingdom,0.3849108219,1
Prince Rasso of Bavaria isMarriedTo Archduchess Theresa of Austria  b. 1931 ,0.8811195493,1
Vajiralongkorn isMarriedTo Soamsavali Kitiyakara,0.6850197912,1
Minnie Marx isMarriedTo Sam Marx,0.405985117,1
Tad Martin hasChild Brooke English,0.42764258380000003,1
Harald V of Norway isMarriedTo Queen Sonja of Norway,0.4255533218,1
Liza Minnelli isMarriedTo David Gest,0.3711970448,1
Michael Bell  mayor  wasBornIn Toledo  Ohio,0.4413212836,1
Eddie Griffin produced Dysfunktional Family,0.9913752675,1
Marco Ferreri created L'udienza,0.42423009869999995,1
Charles VII of France isMarriedTo Marie of Anjou,0.9508470893000001,1
Siva Selliah wasBornIn Colombo,0.9777830243000001,1
Philip I of France isMarriedTo Bertrade de Montfort,0.4376773834,1
Yūko Kobayashi isMarriedTo Mitsuaki Hoshino,0.42764258380000003,1
Stanisław Kostka Zamoyski isMarriedTo Zofia Czartoryska,0.0183418393,1
Nancy Carell isMarriedTo Steve Carell,0.8991285563,1
Paul Auster created Lulu on the Bridge,1.7028559446,1
Bryce Dallas Howard isMarriedTo Seth Gabel,0.427642554,1
Arthur Rankin directed  Jr. The Last Unicorn  film ,0.6793268323,1
Arthur Rankin produced  Jr. The Last Dinosaur,0.4160688519,1
Ruth Martin  All My Children  isMarriedTo Joe Martin  All My Children ,0.42764258380000003,1
Farouk of Egypt isMarriedTo Narriman Sadek,0.42764258380000003,1
Lucas Belvaux created La Raison du plus faible,0.4455212653,1
Serge Gainsbourg created Équateur  film ,0.4376773834,1
Chelsea Noble isMarriedTo Kirk Cameron,0.4155301154,1
Carla von Lahnstein isMarriedTo Bernd von Beyenbach,0.6156409979,1
Marzieh Meshkini directed Stray Dogs  film ,0.9827275276,1
Arthur Rankin directed  Jr. The Return of the King  1980 film ,0.684900105,1
Brian Dannelly directed Saved!,0.4217996597,1
Edmund Lowe isMarriedTo Lilyan Tashman,0.47974357009999996,1
Márton Keleti directed Two Confessions,0.34250992539999997,1
Cliff Robertson isMarriedTo Cynthia Stone,0.44978594780000003,1
Maria Christina of Austria isMarriedTo Alfonso XII of Spain,0.5164730549000001,1
Abel Gance created Louise  film ,0.42764258380000003,1
Param Gill directed Hotel Hollywood,0.9663584232,1
Isabel Burton isMarriedTo Richard Francis Burton,0.4065758586,1
Nicolas Roeg isMarriedTo Theresa Russell,0.43446293469999997,1
Prince Eduard of Saxe-Altenburg isMarriedTo Princess Amalie of Hohenzollern-Sigmaringen,0.4147959352,1
Felicia Farr isMarriedTo Jack Lemmon,0.42764264350000003,1
Henri-Georges Clouzot directed The Wages of Fear,0.41692915560000005,1
Marco Ferreri directed Break Up  film ,0.42764264350000003,1
Todd Manning isMarriedTo Blair Cramer,0.4402449429,1
Isabel Coixet directed Map of the Sounds of Tokyo,0.4276423454,1
Gordon Ramsay isMarriedTo Tana Ramsay,0.4402164221,1
Charlotte Napoléone Bonaparte isMarriedTo Napoleon Louis Bonaparte,0.3860255778,1
Vasili III of Russia isMarriedTo Elena Glinskaya,0.42195752259999997,1
Napoleon I isMarriedTo Joséphine de Beauharnais,0.4654657245,1
Tage Danielsson directed The Adventures of Picasso,0.4800439775,1
Norodom Sihanouk created The Last Days of Colonel Savath,0.7305012345,1
Saeed Akhtar Mirza directed Mohan Joshi Hazir Ho!,0.4929854274,1
Nancy Reagan isMarriedTo Ronald Reagan,1.0632901788,1
Michael Dowse created Kids in America  2011 film ,0.42764258380000003,1
Alan Alda actedIn The Four Seasons  film ,0.44826665520000003,1
Alice Hathaway Lee Roosevelt isMarriedTo Theodore Roosevelt,0.34250992539999997,1
Archduchess Marie Caroline of Austria isMarriedTo Frederick Augustus II of Saxony,0.8935915231999999,1
Carlos Atanes directed PROXIMA,0.42764258380000003,1
Clive Barker created Hellraiser,0.4255886674,1
Mai Zetterling directed Doctor Glas  film ,0.6545621157,1
Leonard von Lahnstein isMarriedTo Cécile de Maron,0.42764258380000003,1
Abel Gance directed The Torture of Silence,0.4096559286,1
Karl Hartl created Mozart  1955 film ,0.6148563623,1
Marie Henriette of Austria isMarriedTo Leopold II of Belgium,0.4076111317,1
Georg Ludwig von Trapp isMarriedTo Maria von Trapp,0.34250992539999997,1
Kenneth Branagh directed A Midwinter's Tale,0.3941657543,1
Sheila Sim isMarriedTo Richard Attenborough,0.42764258380000003,1
Charlotte of Savoy isMarriedTo Louis XI of France,0.34250992539999997,1
Brian Presley isMarriedTo Erin Hershey Presley,0.6789075732,1
Henri-Georges Clouzot directed Le Corbeau,0.3854899704,1
Olav V of Norway isMarriedTo Princess Märtha of Sweden,0.34250992539999997,1
Isabel Coixet created Map of the Sounds of Tokyo,0.5742427707,1
Alan Alda actedIn Sweet Liberty,0.42764258380000003,1
Margherita of Savoy isMarriedTo Umberto I of Italy,0.34250992539999997,1
Bhumibol Adulyadej isMarriedTo Sirikit,0.4452307224,1
M. Night Shyamalan directed Praying with Anger,0.4276424646,1
Andrew II of Hungary isMarriedTo Gertrude of Merania,0.39575290679999997,1
Jaime Camino directed Spain Again,0.9115309715000001,1
Michelle Obama isMarriedTo Barack Obama,0.982727468,1
Michel Houellebecq directed La Possibilité d'une île  film ,0.4724304378,1
King Vidor created His Hour,0.4376773834,1
Jerry Seinfeld created Bee Movie,0.42764258380000003,1
Emilio Fernández created Pueblerina,0.42423009869999995,1
Elmar Klos created The Shop on Main Street,0.4191691577,1
Sidney Luft isMarriedTo Camille Keaton,0.4538693428,1
Jacques Doillon created La Vengeance d'une femme,0.42764258380000003,1
Grand Duke Paul Alexandrovich of Russia isMarriedTo Grand Duchess Alexandra Georgievna of Russia,0.3849108219,1
Timothy West isMarriedTo Prunella Scales,0.4640536308,1
Tony McHale created Sonia Fowler,0.5725359917,1
Brian Dannelly created Saved!,0.6375887393999999,1
Olga Havlová isMarriedTo Václav Havel,0.42764258380000003,1
Éric Rochant directed The Patriots  film ,0.4702194929,1
Milena Dravić isMarriedTo Dragan Nikolić,0.4153741598,1
Alan Rudolph created Trixie  film ,0.4357945919,1
Tzang Merwyn Tong created A Wicked Tale,0.42244982719999996,1
Marzieh Meshkini created Stray Dogs  film ,0.9513607025,1
Abel Gance directed Barberousse,0.45089250799999997,1
John of Saxony isMarriedTo Amalie Auguste of Bavaria,0.4276426733,1
Clive Barker directed Hellraiser,0.0309511814,1
Emilio Fernández created Rosanna  film ,0.44754686950000006,1
Livilla  sister of Claudius  isMarriedTo Gaius Caesar,0.4334254861,1
Nora Hanen isMarriedTo Hank Gannon,0.34250992539999997,1
Sophie of Mecklenburg-Güstrow isMarriedTo Frederick II of Denmark,0.3425098956,1
Pierre Andre created I'm Not Single,0.6795398593,1
Eudoxia of Kiev isMarriedTo Mieszko III the Old,0.42764258380000003,1
Kelly Kapowski isMarriedTo Zack Morris,0.3899741173,1
Buddha Loetla Nabhalai isMarriedTo Sri Sulalai,0.4255933762,1
Alan Rudolph created Trouble in Mind  film ,0.4168142378,1
Michel Ocelot created Princes et princesses,0.982727468,1
Princess Charlotte of Saxe-Hildburghausen isMarriedTo Prince Paul of Württemberg,0.7453536391,1
Spike Lester isMarriedTo Jessica Bennett,0.42764258380000003,1
Alexander III of Russia isMarriedTo Maria Feodorovna  Dagmar of Denmark ,0.8466507494,1
Jean-Pierre Mocky directed Un drôle de paroissien,0.009042223,1
Rick Rubin directed Tougher Than Leather  film ,0.3854900301,1
Yves Angelo directed Colonel Chabert  1994 film ,0.34250992539999997,1
Denis Héroux directed Valérie,0.4474327564,1
Anne of Great Britain isMarriedTo Prince George of Denmark,0.34250992539999997,1
Kamal Haasan created Thevar Magan,0.4868915379,1
Hiten Tejwani isMarriedTo Gauri Pradhan Tejwani,0.49110358950000005,1
Sunil Dutt produced Reshma Aur Shera,0.4163707495,1
Natalia Rivera Aitoro isMarriedTo Gus Aitoro,0.41379919649999997,1
Norman Manley isMarriedTo Edna Manley,0.3854900301,1
Adam Chandler isMarriedTo Gloria Marsh,1.2407752275,1
Alex Chandon created Pervirella,0.42764258380000003,1
Ali Selim created Sweet Land,0.9510583878,1
Abel Gance directed The Ironmaster,0.6545621157,1
Zack Morris isMarriedTo Kelly Kapowski,0.7752238512,1
Alan Alda created Sweet Liberty,0.42764258380000003,1
Ferdinand II of Aragon isMarriedTo Isabella I of Castile,0.5042210221,1
King Vidor created Wild Oranges,0.4736260176,1
Joseph Warder diedIn Jeffersonville  Indiana,0.5703918934000001,1
Alan Rudolph created Choose Me,0.45088082549999997,1
Chan Hung-lit isMarriedTo Angela Pan,0.34250992539999997,1
Alexandrine of Mecklenburg-Schwerin isMarriedTo Christian X of Denmark,0.6174110174,1
Zita of Bourbon-Parma isMarriedTo Charles I of Austria,0.410369873,1
Emma Heming isMarriedTo Bruce Willis,0.34250992539999997,1
Abel Gance created The Tenth Symphony,0.4177514613,1
Natalie Buchanan isMarriedTo Cristian Vega,0.403799504,1
Kate Isitt isMarriedTo Nigel Cole,0.41483873130000004,1
Quentin Tarantino created Grave Danger,0.427642554,0
Sunil Dutt actedIn Reshma Aur Shera,0.4255533218,1
Artie Lange actedIn Artie Lange's Beer League,0.42764258380000003,1
Marco Ferreri directed L'udienza,0.4177514613,1
Henry Washington Younger isMarriedTo Bersheba Leighton Fristoe,0.42764258380000003,1
Michael Dowse directed FUBAR 2  film ,0.4219574928,1
Vladimir Nabokov isMarriedTo Vera Nabokov,0.4254780412,1
Jamil Dehlavi produced The Blood of Hussain,0.45879280570000003,1
Victoria of Baden isMarriedTo Gustaf V of Sweden,0.982727468,1
Jacques Doillon directed Family Life  1985 film ,0.40875974299999995,1
Ann Keen isMarriedTo Alan Keen,0.42764258380000003,1
Queen Anne-Marie of Greece isMarriedTo Constantine II of Greece,0.9931252599,1
Steven E. de Souza created Possessed  2000 film ,0.42649722100000004,1
Simon Templeman isMarriedTo Rosalind Chao,0.5210872889,1
Lucien Hubbard directed The Mysterious Island  1929 film ,0.42764258380000003,1
Leonid Trauberg created The Vyborg Side,0.5173697472,1
Bertrade de Montfort isMarriedTo Philip I of France,0.439953804,1
Noboru Iguchi directed RoboGeisha,0.4411736727,1
Benito Alazraki created Roots  film ,0.41409021619999997,1
Xander Berkeley isMarriedTo Sarah Clarke,0.44754686950000006,1
Abel Gance created The Mask of Horror,0.4219574928,1
Frank Fay  American actor  isMarriedTo Barbara Stanwyck,0.4240758419,1
Carlos Thompson isMarriedTo Lilli Palmer,0.4376773536,1
Seth Gabel isMarriedTo Bryce Dallas Howard,0.4439871311,1
Nikolai Kulikovsky isMarriedTo Grand Duchess Olga Alexandrovna of Russia,0.42244982719999996,1
Mai Zetterling created Loving Couples  1964 film ,0.42442700270000006,0
Saif Ali Khan isMarriedTo Amrita Singh,0.9664277434,1
Gloria Marsh isMarriedTo Adam Chandler,0.7456233501,1
Debsirindra isMarriedTo Mongkut,0.4158461094,1
Elisabeth of Wied isMarriedTo Carol I of Romania,0.5430480838,1
Nelson George created Life Support  film ,0.42764264350000003,1
Alan Rudolph directed Afterglow  film ,0.39191603659999996,1
Grand Duchess Alexandra Georgievna of Russia isMarriedTo Grand Duke Paul Alexandrovich of Russia,0.34250992539999997,1
Sri Sulalai isMarriedTo Buddha Loetla Nabhalai,0.41729030009999996,1
Quentin Tarantino actedIn My Best Friend's Birthday,0.42764258380000003,1
Warren Beatty created Bulworth,0.3425098658,1
Quentin Tarantino produced From Dusk till Dawn,0.4276426733,1
Constance of Aragon isMarriedTo Emeric of Hungary,0.42764258380000003,1
Gertrude of Merania isMarriedTo Andrew II of Hungary,0.6132112145,1
Chulalongkorn isMarriedTo Saovabha Bongsri,0.42764258380000003,1
Abhishek Bachchan isMarriedTo Aishwarya Rai,0.9507640004000001,1
Ronald Reagan isMarriedTo Nancy Reagan,0.42764264350000003,1
Leander Haußmann directed NVA  film ,0.42764264350000003,1
Sidney Luft isMarriedTo Lynn Bari,0.425349474,1
Alex Chandon directed Bad Karma  1991 film ,0.4739507139,1
Ethan Winthrop isMarriedTo Theresa Lopez-Fitzgerald Crane,0.8326429129,1
David Gest isMarriedTo Liza Minnelli,0.7939819098,1
Margaret of Valois isMarriedTo Henry IV of France,0.40638765689999995,1
Pierce Brosnan isMarriedTo Keely Shaye Smith,0.3425098658,1
Robin Williams created Mrs. Doubtfire,0.4321393669,1
Jennifer Rappaport isMarriedTo Rex Balsom,0.42764258380000003,1
Eric Byler created Americanese,0.48202216630000005,1
Mutemwiya isMarriedTo Thutmose IV,0.34250992539999997,1
Andrew Lane produced Jake Speed,0.4769188464,1
Henri-Georges Clouzot created La Vérité  film ,0.4343757629,1
Jeffrey Hunter isMarriedTo Barbara Rush,0.3993825614,1
Clive Barker directed Lord of Illusions,0.44754686950000006,1
Sophia Magdalena of Denmark isMarriedTo Gustav III of Sweden,0.6219930649000001,1
Tiye isMarriedTo Amenhotep III,0.4730758667,1
Peter Gilmore isMarriedTo Jan Waters,0.4363262951,1
Keely Shaye Smith isMarriedTo Pierce Brosnan,0.8987200558,1
Masud Ahmad worksAt Pakistan Atomic Energy Commission,0.3909683228,1
Abel Gance created The Zone of Death,0.4791519642,1
Leonid Trauberg directed The Vyborg Side,0.3425098658,1
Alex Chandon created Drillbit  film ,0.41637620329999997,1
Colin Mochrie isMarriedTo Debra McGrath,0.42764258380000003,1
Neil Gaiman directed A Short Film About John Bolton,0.9675124288,1
Gauri Pradhan Tejwani isMarriedTo Hiten Tejwani,0.6789800525,1
Marie de' Medici isMarriedTo Henry IV of France,0.4561446011,1
Maria Feodorovna  Dagmar of Denmark  isMarriedTo Alexander III of Russia,0.7394189239,1
Henry I of France isMarriedTo Anne of Kiev,0.42764258380000003,1
Marco Ferreri created Bye Bye Monkey,1.0709328651999999,1
François Dupeyron created Monsieur Ibrahim,0.342509985,1
Jackson Montgomery isMarriedTo Erica Kane,0.7798778415000001,1
Cassandra Harris isMarriedTo Pierce Brosnan,0.5797290802,1
Fernando Cerchio created Lulu  1953 film ,0.34250992539999997,1
Warren Beatty produced Heaven Can Wait  1978 film ,0.5110214949,0
Kevin Buchanan isMarriedTo Kelly Cramer,0.42764258380000003,1
Fernando Cerchio directed Lulu  1953 film ,0.4238684773,1
Maria Christina of Savoy isMarriedTo Ferdinand II of the Two Sicilies,0.42764264350000003,1
Kelly Cramer isMarriedTo Joey Buchanan,0.4219606519,1
Tony McHale created Carol Jackson,0.5110214949,1
Pieter Verhoeff directed Mates  film ,0.9671788216,1
Cliff Robertson produced J. W. Coop,0.34250992539999997,1
Duke Karl-Theodor in Bavaria isMarriedTo Princess Sophie of Saxony,0.8438349367,1
Catherine de' Medici isMarriedTo Henry II of France,0.34250992539999997,1
Warren Beatty directed Dick Tracy  1990 film ,0.982727468,1
Kenneth Branagh produced Love's Labour's Lost  2000 film ,0.3425098956,1
Dudley Moore isMarriedTo Suzy Kendall,0.9190146327,1
Mongkut isMarriedTo Pannarai,0.8981614112999999,1
Ferdinand VII of Spain isMarriedTo Maria Christina of the Two Sicilies,0.42764258380000003,1
Johann Georg Macasius livesIn Germany,0.42764258380000003,1
Leonid Trauberg created Simple People,0.43281057479999996,1
Jan Waters isMarriedTo Peter Gilmore,0.41438731549999996,1
Brooke English hasChild Tad Martin,0.42764258380000003,1
Tina Lord isMarriedTo David Vickers,0.4906407595,1
Jacques Feyder directed Crainquebille,0.42764258380000003,1
Louise of Mecklenburg-Strelitz isMarriedTo Frederick William III of Prussia,0.4731851518,1
Eleanor Boardman isMarriedTo King Vidor,0.4382587075,1
Henry Hotspur Percy isMarriedTo Lady Elizabeth Mortimer,0.982727468,1
Princess Marie of Denmark isMarriedTo Prince Joachim of Denmark,0.4508924186,1
Princess Margaret of Connaught isMarriedTo Gustaf VI Adolf of Sweden,0.9670497775,1
Pierce Brosnan isMarriedTo Cassandra Harris,0.4557040632,1
Harold Nicholas isMarriedTo Dorothy Dandridge,0.42464637759999996,1
Jonathan Lee  record producer  isMarriedTo Sandy Lam,0.4438133836,1
Tony McHale created Billie Jackson,0.982727468,1
Abel Gance produced J'accuse!  1938 film ,0.41922295090000006,1
Princess Amalie of Hohenzollern-Sigmaringen isMarriedTo Prince Eduard of Saxe-Altenburg,0.7023416758,1
Michael Langone created Recovery from Cults,0.47702601549999996,1
Soamsavali Kitiyakara isMarriedTo Vajiralongkorn,0.982727468,1
Judy Carne isMarriedTo Burt Reynolds,0.6333646774,1
Mohéli hasOfficialLanguage Arabic language,0.45879280570000003,1
Saeed Akhtar Mirza directed Albert Pinto Ko Gussa Kyon Aata Hai,0.6772263646,1
Princess Dorothea of Bavaria isMarriedTo Archduke Gottfried of Austria,0.5242925286,1
Nazli Sabri isMarriedTo Fuad I of Egypt,0.41438731549999996,1
Blanche I of Navarre isMarriedTo John II of Aragon,0.3992562592,1
Emilio Fernández created The Torch  film ,0.4254616797,1
Clive Barker produced Lord of Illusions,0.5158090591,1
Warren Beatty actedIn Love Affair  1994 film ,0.34250992539999997,1
Marco Ferreri directed Don't Touch the White Woman!,0.42764258380000003,1
Cristian Vega isMarriedTo Natalie Buchanan,0.5175381303000001,1
Kenneth Branagh isMarriedTo Emma Thompson,0.4372947514,1
Mark E. Kelly isMarriedTo Gabrielle Giffords,0.4151395857,1
Mohéli hasOfficialLanguage Comorian language,0.5507027507,1
Ruth Martin  All My Children  hasChild Joe Martin  All My Children ,0.4163707495,1
Gustaf VI Adolf of Sweden isMarriedTo Louise Mountbatten,0.42764258380000003,1
Christian X of Denmark isMarriedTo Alexandrine of Mecklenburg-Schwerin,0.6785056590999999,1
Wendi Deng isMarriedTo Rupert Murdoch,0.6205144525,1
Nora Hanen isMarriedTo Bo Buchanan,0.34250992539999997,1
King Vidor directed Bud's Recruit,0.3425098956,1
King Vidor created Love Never Dies  1921 film ,0.9831892848,1
Alan Alda created The Four Seasons  film ,0.4313018918,1
Dimitri Marick isMarriedTo Gloria Marsh,0.9827275276,1
Frances Langford isMarriedTo Jon Hall,0.4336505532,1
Prince Paul of Württemberg isMarriedTo Princess Charlotte of Saxe-Hildburghausen,0.4053266943,1
Albert Einstein isMarriedTo Mileva Marić,0.34250992539999997,1
Jeffrey Byron isMarriedTo Gail O'Grady,0.6881478429000001,1
Bolesław IV the Curly isMarriedTo Viacheslava of Novgorod,0.7250724434999999,1
Artie Lange produced Artie Lange's Beer League,0.4810380936,1
Nathan Hastings isMarriedTo Olivia Winters,0.39898979659999995,1
Dorian Lord isMarriedTo Mitch Laurence,0.9850667119,1
Vasili III of Russia isMarriedTo Solomonia Saburova,0.42764258380000003,1
Peter III of Russia isMarriedTo Catherine II of Russia,0.4053266943,1
Abel Gance actedIn End of the World  1931 film ,0.42764258380000003,1
Michael Bell  mayor  livesIn Toledo  Ohio,0.41403225060000004,1
Saeed Akhtar Mirza produced Mohan Joshi Hazir Ho!,0.34250992539999997,1
Martin Lawrence actedIn You So Crazy,0.6918438673,1
Elena Glinskaya isMarriedTo Vasili III of Russia,0.4413212836,1
Natalie Buchanan isMarriedTo Mitch Laurence,0.9507641196,1
Leopold III of Belgium isMarriedTo Astrid of Sweden,0.4769555628,1
Amitabh Bachchan isMarriedTo Jaya Bachchan,0.8781985938,1
Paloma Lopez-Fitzgerald isMarriedTo Noah Bennett,0.49740999939999997,1
Norodom Sihanouk produced My Village at Sunset,0.34250992539999997,1
Joseph Heller created Catch-22,0.7014061809000001,1
Dragan Nikolić isMarriedTo Milena Dravić,0.41483873130000004,1
Amrita Singh isMarriedTo Saif Ali Khan,0.5426337719,1
Leonard Woolf isMarriedTo Virginia Woolf,0.3425098658,1
Saeed Akhtar Mirza created Mohan Joshi Hazir Ho!,0.5173323154,1
Thutmose IV isMarriedTo Mutemwiya,0.9827275276,1
Leander Haußmann created Sonnenallee,0.4219068587,1
Steve Carell isMarriedTo Nancy Carell,1.3860924542,1
Debra McGrath isMarriedTo Colin Mochrie,0.420517385,1
Lilli Palmer isMarriedTo Rex Harrison,0.4474327564,1
Šarūnas Bartas created Few of Us,0.4413212836,1
Rosalind Chao isMarriedTo Simon Templeman,0.42764264350000003,1
Joe McStravick produced Murphy 771,0.9831851720999999,0
Marco Ferreri directed The Ape Woman,0.4166514277,1
Abel Gance directed J'accuse!  1938 film ,0.4373797774,1
Saovabha Bongsri isMarriedTo Chulalongkorn,0.4296900332,1
Kenneth Branagh directed Love's Labour's Lost  2000 film ,0.4088079929,1
Joe Martin  All My Children  hasChild Ruth Martin  All My Children ,0.3854900301,1
Hoyan Mok isMarriedTo Alex Fong  actor ,0.3425098658,1
Kenneth Branagh directed Henry V  1989 film ,0.34250992539999997,1
Emilio Fernández directed Flor Silvestre,0.6236963868,1
Luis Bayón Herrera directed Jettatore,0.49184465409999995,1
Peter Sollett produced Raising Victor Vargas,0.507876873,1
Sandra Goldbacher created Me Without You  film ,0.34250992539999997,1
Queen Sofía of Spain isMarriedTo Juan Carlos I of Spain,0.45625948909999997,1
Daniel C. Miller isLeaderOf Harrisburg  Pennsylvania,0.9827275276,1
Countess Palatine Anne Christine of Sulzbach isMarriedTo Charles Emmanuel III of Sardinia,0.41851234439999996,1
Burt Reynolds isMarriedTo Loni Anderson,0.4318557382,1
Héctor Soberón isMarriedTo Michelle Vieth,0.4153364301,1
Ingrid of Sweden isMarriedTo Frederick IX of Denmark,0.4274803698,1
Irving Thalberg isMarriedTo Norma Shearer,0.38493999840000004,1
Abel Gance directed Les Gaz mortels,0.5996409655,1
Michael Langone isKnownFor Recovery from Cults,0.41403225060000004,1
Dulce of Aragon isMarriedTo Sancho I of Portugal,0.41138201950000003,1
Ishirō Honda directed Destroy All Monsters,0.42764258380000003,1
Marshall Brickman created The Manhattan Project  film ,0.4954039156,1
Cornel West isKnownFor Race Matters,0.5110214949,1
Akhenaten isMarriedTo Nefertiti,0.4413212836,1
Suvadhana isMarriedTo Vajiravudh,0.42764258380000003,1
Maud of Savoy isMarriedTo Afonso I of Portugal,0.6545621157,1
Emilio Fernández directed Maclovia  1948 film ,0.42764258380000003,1
Jean-Pierre Bekolo produced Les Saignantes,0.42764258380000003,1
Sibila of Fortia isMarriedTo Peter IV of Aragon,0.0183418393,1
Marco Ferreri created I Love You  1986 film ,0.42764258380000003,1
Padma Lakshmi isMarriedTo Salman Rushdie,0.6309484839,1
Stephen V of Hungary isMarriedTo Elizabeth the Cuman,0.694501102,1
Stephen of England isMarriedTo Matilda of Boulogne,0.6944193244,1
Tzang Merwyn Tong directed A Wicked Tale,0.4313018918,1
Virginia Woolf isMarriedTo Leonard Woolf,0.416775465,1
Steven E. de Souza created Arnold's Wrecking Co.,0.4372947514,1
James Cruze isMarriedTo Betty Compson,0.4313018918,1
Abel Gance directed The Mask of Horror,0.44754686950000006,1
Neela Rasgotra isMarriedTo Ray Barnett,0.42764258380000003,1
Craig Ferguson created I'll Be There  film ,0.42764258380000003,1
Norodom Sihanouk produced An Ambition Reduced to Ashes,0.5701753497,1
James Cruze isMarriedTo Marguerite Snow,0.43463775520000003,1
Aishwarya Rai isMarriedTo Abhishek Bachchan,0.42135545609999997,1
Brooke English isMarriedTo Adam Chandler,0.4276423454,1
Rex Harrison isMarriedTo Kay Kendall,0.4318557382,1
Brian Benben isMarriedTo Madeleine Stowe,0.4346316457,1
Carol I of Romania isMarriedTo Elisabeth of Wied,0.8836733103,1
Mahidol Adulyadej isMarriedTo Srinagarindra,0.4439871311,1
Harley Cooper isMarriedTo Gus Aitoro,0.42764258380000003,1
Blair Cramer hasChild Todd Manning,0.34250992539999997,1
Camille Keaton isMarriedTo Meir Zarchi,0.34250992539999997,1
Marco Ferreri directed The Conjugal Bed,0.4464122653,1
Jacques Doillon directed Ponette,0.43543997409999996,1
Allan Steiger isMarriedTo Janelle Timmins,0.4366379976,1
Liang Sicheng isMarriedTo Lin Huiyin,0.43243059520000005,1
Joseph Warder wasBornIn Jeffersonville  Indiana,0.4439871311,1
Henri-Georges Clouzot isMarriedTo Véra Clouzot,0.39938259119999997,1
Antonio Vega isMarriedTo Jessica Buchanan,0.42764258380000003,1
Emma Thompson isMarriedTo Greg Wise,0.4185407758,1
Michelle Vieth isMarriedTo Héctor Soberón,0.5842393040999999,1
Jon Hall isMarriedTo Raquel Torres,0.42764258380000003,1
Harry Enfield produced Kevin & Perry Go Large,0.34250992539999997,0
Jacques Doillon directed The Hussy,0.4555718601,1
Zak Penn directed The Grand  film ,0.42764258380000003,1
Joey Buchanan isMarriedTo Kelly Cramer,0.6781491637,1
Alyce Faye Eichelberger isMarriedTo John Cleese,0.42764258380000003,1
Anna Rice Cooke isMarriedTo Charles Montague Cooke,0.5742427707,1
Max Jacoby created Dust  2009 film ,0.44738352299999995,1
Michael Tolkin directed The Rapture  film ,0.40754985810000005,1
Samuel Augustus Barnett isMarriedTo Henrietta Barnett,0.471540451,1
Caroline Ingalls isMarriedTo Charles Ingalls,0.4191691279,1
Elissa Ambrose hasChild Sarah Mlynowski,0.34250992539999997,1
Salman Rushdie isMarriedTo Padma Lakshmi,0.40105110409999994,1
Shuji Kataoka directed S&M Hunter,0.38382527229999996,1
Emilio Fernández directed Pueblerina,0.4268352985,1
Jack Lemmon isMarriedTo Felicia Farr,0.34250992539999997,1
Sirikit isMarriedTo Bhumibol Adulyadej,0.4432447255,1
Nancy Juvonen isMarriedTo Jimmy Fallon,0.34250992539999997,1
Michele Lupo directed The Master Touch,0.9669585228,1
Bernd von Beyenbach isMarriedTo Carla von Lahnstein,0.9347851872,1
Gustaf VI Adolf of Sweden isMarriedTo Princess Margaret of Connaught,0.42764258380000003,1
Harley Cooper hasChild Phillip Spaulding,0.42764258380000003,1
Vilsoni Hereniko produced The Land Has Eyes,0.34250992539999997,1
Amenhotep III isMarriedTo Tiye,0.39227566119999996,1
Phyllis Logan isMarriedTo Kevin McNally,0.4203598499,1
Savang Vadhana isMarriedTo Chulalongkorn,0.9850686789,1
Norodom Sihanouk directed An Ambition Reduced to Ashes,0.3425098658,1
Meir Zarchi isMarriedTo Camille Keaton,0.4158948064,1
Prince René of Bourbon-Parma isMarriedTo Princess Margaret of Denmark,0.4949637353,1
Paul Auster directed Lulu on the Bridge,0.420517385,1
Bersheba Leighton Fristoe isMarriedTo Henry Washington Younger,0.4695816636,1
Joachim Murat isMarriedTo Caroline Bonaparte,0.42764258380000003,1
Donald Knuth created TeX,0.34250992539999997,1
Abel Gance directed The Zone of Death,0.5507027507,1
George V of the United Kingdom isMarriedTo Mary of Teck,0.8552851676000001,1
Marco Ferreri created El Cochecito,0.8791208565,1
Mary of Teck isMarriedTo George V of the United Kingdom,0.42764258380000003,1
Sandra Goldbacher created The Governess,0.6704207659,1
Albert II of Belgium isMarriedTo Queen Paola of Belgium,0.42764258380000003,1
Wenceslaus II of Bohemia isMarriedTo Judith of Habsburg,1.242977053,1
Joe McStravick created Murphy 771,0.982727468,1
Alan Alda isMarriedTo Arlene Alda,0.3843609095,1
Maurice Cloche created Peppino e Violetta,0.9675983787000001,1
Bill Condon created Dreamgirls  film ,0.43338122960000003,1
Germanicus isMarriedTo Agrippina the Elder,0.4066321254,1
Lucien Hubbard directed Rose-Marie  1928 film ,0.4079977572,1
Jean-Pierre Bekolo created Les Saignantes,0.42764258380000003,1
Bert Haanstra created Fanfare  film ,0.42764258380000003,1
Tamiliam Subas created Vanni Mouse,0.5054743886,1
Prince Henry of Battenberg isMarriedTo Princess Beatrice of the United Kingdom,0.4860706031,1
Philip I of Castile isMarriedTo Joanna of Castile,0.4181512892,1
Camille Keaton isMarriedTo Sidney Luft,0.42764258380000003,1
Allan Steiger isMarriedTo Christine Rodd,0.4221356511,1
Archduchess Theresa of Austria  b. 1931  isMarriedTo Prince Rasso of Bavaria,0.34250992539999997,1
Kim Timmins isMarriedTo Janelle Timmins,0.34250992539999997,1
Brian Baker  actor  isMarriedTo Terry Farrell  actress ,0.42764258380000003,1
Vic Morrow created A Man Called Sledge,0.6545621157,1
Victor Salva directed Clownhouse,0.41897177700000005,1
Terry Farrell  actress  isMarriedTo Brian Baker  actor ,0.3988951445,1
Jaromil Jireš directed The Cry  1963 film ,0.4251219928,1
Clint Buchanan isMarriedTo Nora Hanen,0.34250992539999997,1
Prince Valdemar of Denmark isMarriedTo Princess Marie of Orléans  1865–1909 ,0.5007817149,1
Al Pacino created Looking for Richard,0.3854900301,0
Henry IV of France isMarriedTo Marie de' Medici,0.4467203617,1
Isabella I of Castile isMarriedTo Ferdinand II of Aragon,0.47998136280000003,1
Dudley Moore isMarriedTo Tuesday Weld,0.42764249439999996,1
Harley Cooper isMarriedTo Phillip Spaulding,1.0779486597,1
Greg Wise isMarriedTo Emma Thompson,0.4177514613,1
Martin Lawrence produced You So Crazy,0.764901042,1
Dominique Deruddere created Everybody's Famous!,0.5578237175999999,1
Will Self isMarriedTo Deborah Orr,0.4107450843,1
JR Chandler hasChild Marissa Tasker,0.6870574951,1
Christopher Knight isMarriedTo Adrianne Curry,0.42764258380000003,1
Maria Carolina of Austria isMarriedTo Ferdinand I of the Two Sicilies,0.34250992539999997,1
Adelaide of Saxe-Meiningen isMarriedTo William IV of the United Kingdom,0.4402449429,1
Emilio Estevez directed The War at Home  film ,0.4106097221,1
Ward Kimball directed Man in Space,0.425349474,1
Bruce Willis isMarriedTo Emma Heming,0.39938259119999997,1
Maria Josepha of Austria isMarriedTo Augustus III of Poland,0.42764258380000003,1
Jamil Dehlavi directed The Blood of Hussain,0.5185357928000001,1
Juana Enríquez isMarriedTo John II of Aragon,0.42764258380000003,1
Sylvia Anderson isMarriedTo Gerry Anderson,0.38493999840000004,1
Louis XI of France isMarriedTo Charlotte of Savoy,0.4163707495,1
Cliff Robertson actedIn J. W. Coop,0.34250992539999997,1
Isabel Coixet created The Secret Life of Words,0.7456233501,1
Daniel Rodney diedIn Lewes  Delaware,0.42764258380000003,1
Abel Gance directed La Digue  film ,0.49849015469999997,1
Hermann Einstein isMarriedTo Pauline Koch,0.679006815,1
Charles III of Spain isMarriedTo Maria Amalia of Saxony,0.42764258380000003,1
Margaret Leighton isMarriedTo Laurence Harvey,0.5376424789,1
Daniel Rodney wasBornIn Lewes  Delaware,0.4208533764,1
David Dhawan created Taaqatwar,0.41619220380000005,1
Emilio Fernández created Río Escondido  1948 film ,0.4321557581,1
Deborah Orr isMarriedTo Will Self,0.4048678875,1
King Vidor directed Love Never Dies  1921 film ,0.9669585228,1
Marco Ferreri created The Story of Piera,0.8394492269,1
Eric Byler directed Americanese,0.34250992539999997,1
Maria Josepha of Saxony isMarriedTo Ferdinand VII of Spain,0.4106097221,1
Dani Levy directed Alles auf Zucker!,0.42764258380000003,1
Umaru Yar'Adua isMarriedTo Turai Yar'Adua,0.4586651325,1
Saeed Akhtar Mirza directed Arvind Desai Ki Ajeeb Dastaan,0.7166872025,1
Prince George Valdemar of Denmark isMarriedTo Princess Anne of Denmark,0.42764258380000003,1
Guan Hu created Dirt  1994 film ,0.9027172326999999,1
Abel Gance directed Le périscope,0.4106097221,1
Judith of Bohemia isMarriedTo Władysław I Herman,0.4380054474,1
Richard Attenborough isMarriedTo Sheila Sim,0.9833292365,1
Benito Alazraki created Santo Contra los Zombis,0.34250992539999997,1
Saeed Akhtar Mirza directed Salim Langde Pe Mat Ro,0.4700280428,1
Jacques Feyder created Crainquebille,0.4191691279,1
John I of Aragon isMarriedTo Martha of Armagnac,0.34250992539999997,1
Rodney Dangerfield actedIn Rover Dangerfield,0.414090246,1
Therese of Saxe-Hildburghausen isMarriedTo Ludwig I of Bavaria,0.5536646247,1
Michel Houellebecq created La Possibilité d'une île  film ,1.2981514335,1
Henri-Georges Clouzot created Le Corbeau,0.416775465,1
Abel Gance created Un drame au château d'Acre,0.42764258380000003,1
David Vickers isMarriedTo Tina Lord,0.429915905,1
Harriet G. Walker isMarriedTo T. B. Walker,0.9275230168999999,1
Prince Karl Anton of Hohenzollern isMarriedTo Princess Joséphine Caroline of Belgium,0.42764258380000003,1
Comoros hasOfficialLanguage Comorian language,0.4629982412,1
Jim Carrey isMarriedTo Lauren Holly,0.5020970702,1
Frederick IX of Denmark isMarriedTo Ingrid of Sweden,0.42764258380000003,1
Palito Ortega directed El Tío Disparate,0.42764258380000003,1
Aldo Ray isMarriedTo Jeff Donnell,0.4387450814,1
Marco Ferreri created Don't Touch the White Woman!,0.4198715389,1
Marco Ferreri directed Liza  film ,0.3854900301,1
Pierre Andre directed I'm Not Single,0.4413212836,1
Lindsay Rappaport isMarriedTo Clint Buchanan,0.42106398939999995,1
Isabel Coixet directed The Secret Life of Words,0.4850607514,1
Princess Maria Elisabeth of Bavaria isMarriedTo Prince Pedro Henrique of Orléans-Braganza,0.6114704609,1
Summer Roberts isMarriedTo Seth Cohen,0.4091893435,1
Nasser Taghvai directed Tales of Kish,0.42764258380000003,1
Cornel West created Race Matters,0.42464637759999996,1
Benito Alazraki directed Santo Contra los Zombis,0.3843609095,1
Władysław I Herman isMarriedTo Judith of Bohemia,0.9507640004000001,1
Louise Mountbatten isMarriedTo Gustaf VI Adolf of Sweden,0.7545145154,1
Henry VI of England isMarriedTo Margaret of Anjou,0.42764258380000003,1
Nasser Taghvai directed Captain Khorshid,0.4051913619,1
Frederick Augustus II of Saxony isMarriedTo Archduchess Marie Caroline of Austria,0.34250992539999997,1
Jimmy Fallon isMarriedTo Nancy Juvonen,0.4464122653,1
Emma Thompson isMarriedTo Kenneth Branagh,0.4203598201,1
Palito Ortega produced El Tío Disparate,0.39575290679999997,1
Prince Muhammad bin Talal isMarriedTo Princess Firyal of Jordan,0.9809149206000001,1
Constance of Austria isMarriedTo Sigismund III Vasa,0.43302387,1
Kay Bennett isMarriedTo Miguel Lopez-Fitzgerald,0.950914681,1
Manish Gupta created The Stoneman Murders,0.3425098658,1
Eddie Griffin created Dysfunktional Family,0.9833658934,1
François Dupeyron directed Monsieur Ibrahim,0.34250992539999997,1
Gaby Dellal isMarriedTo Eric Fellner,0.5235222578000001,1
Kimberly Kagan isMarriedTo Frederick Kagan,0.8552852273,1
Isabella of Burgundy  1270–1323  isMarriedTo Rudolph I of Germany,0.42014303799999997,1
Margaret of Anjou isMarriedTo Henry VI of England,0.42764258380000003,1
Mohéli isLocatedIn Comoros,0.4318556786,1
Alex Chandon actedIn Bad Karma  1991 film ,0.4231376648,1
Paul Spence created FUBAR 2  film ,0.5711666942,1
Gustaf V of Sweden isMarriedTo Victoria of Baden,0.42764258380000003,1
Jay Leno isMarriedTo Mavis Leno,0.4122210741,1
Kenneth Branagh created Love's Labour's Lost  2000 film ,0.9670999645999999,1
Richard Francis Burton isMarriedTo Isabel Burton,0.42764258380000003,1
Grand Empress Dowager Shangguan isMarriedTo Emperor Zhao of Han,0.9669585228,1
Sophie Amalie of Brunswick-Lüneburg isMarriedTo Frederick III of Denmark,0.7014061809000001,1
Quentin Tarantino directed My Best Friend's Birthday,0.8469986020999999,1
Alexandre Astruc directed The Crimson Curtain,0.42764258380000003,1
Daniel Rodney livesIn Lewes  Delaware,1.0271308422,1
Jacques Doillon directed The Pirate  1984 film ,0.42764258380000003,1
Anne Jeffreys isMarriedTo Robert Sterling,0.43381136659999997,1
Noboru Iguchi created RoboGeisha,0.41500681640000003,1
Jacques Feyder created L'Atlantide  1921 film ,0.43196851020000004,1
Zak Penn created The Grand  film ,0.764901042,1
Harry Enfield actedIn Kevin & Perry Go Large,0.4535547197,1
Joseph Warder livesIn Jeffersonville  Indiana,0.4050894678,1
Emilio Fernández directed The Torch  film ,0.5874875188,1
Lin Huiyin isMarriedTo Liang Sicheng,0.4177514613,1
Barbara Steele isMarriedTo James Poe,0.44754686950000006,1
Tony Bui created Three Seasons,0.42764258380000003,1
Jessica Bennett isMarriedTo Spike Lester,0.34250992539999997,1
Román Viñoly Barreto directed La Bestia debe morir,0.9015903473000001,1
Pieter Verhoeff created Mates  film ,0.4233150184,1
Princess Béatrice of Bourbon-Two Sicilies isMarriedTo Charles Napoléon,0.34250992539999997,1
Šarūnas Bartas directed Few of Us,0.39372560380000005,1
Laurence Harvey isMarriedTo Margaret Leighton,0.42764258380000003,1
Claudius isMarriedTo Agrippina the Younger,0.4469012618,1
James Rubin isMarriedTo Christiane Amanpour,0.42764258380000003,1
Tony Bui directed Three Seasons,0.8309075831999999,1
Beatrice d'Este isMarriedTo Ludovico Sforza,0.4962947369,1
Kenneth Branagh created A Midwinter's Tale,0.34250992539999997,1
Kenneth Branagh created Henry V  1989 film ,0.34250992539999997,1
John Cleese isMarriedTo Connie Booth,0.4528323114,1
Ansgar von Lahnstein isMarriedTo Nathalie Käppler,0.42764258380000003,1
Mai Zetterling directed Loving Couples  1964 film ,0.43243059520000005,1
Mongkut isMarriedTo Debsirindra,0.5061404109000001,1
King Vidor isMarriedTo Eleanor Boardman,0.7265754342,1
Suzy Kendall isMarriedTo Dudley Moore,0.4242663383,1
Paul Spence actedIn FUBAR  film ,0.41483873130000004,1
Robert Nathan isMarriedTo Anna Lee,0.5449169874,1
Siva Selliah diedIn Colombo,0.34250992539999997,1
George P. Putnam isMarriedTo Amelia Earhart,0.42764258380000003,1
Madeleine Stowe isMarriedTo Brian Benben,0.42764258380000003,1
JR Chandler isMarriedTo Marissa Tasker,0.9669585228,1
Abel Gance created La Folie du Docteur Tube,0.42764243479999997,1
David Vickers isMarriedTo Dorian Lord,0.4229846895,1
Daniel C. Miller wasBornIn Harrisburg  Pennsylvania,0.9509115219,1
Umberto I of Italy isMarriedTo Margherita of Savoy,0.4654657245,1
Emilio Fernández created Flor Silvestre,0.5185357928000001,1
Nathalie Käppler isMarriedTo Ansgar von Lahnstein,0.7268654108,1
Leonid Trauberg created The Return of Maxim,1.3252373934000001,1
Marty Feldman directed In God We Tru$t,0.42346706990000005,1
Henry IV of France isMarriedTo Margaret of Valois,0.3854900301,1
Sandy Lam isMarriedTo Jonathan Lee  record producer ,0.4003387988,1
James Poe isMarriedTo Barbara Steele,0.4850502908,1
Archduchess Maria Clementina of Austria isMarriedTo Francis I of the Two Sicilies,0.4503163993,1
Henrietta Barnett isMarriedTo Samuel Augustus Barnett,0.5247564316,1
Marty Feldman actedIn In God We Tru$t,0.4177514017,1
Kelly Cramer isMarriedTo Kevin Buchanan,0.8258458972,1
Leonid Trauberg directed The Return of Maxim,0.9662849903,1
Alan Rudolph directed Choose Me,0.5158090591,1
Frederick III of Denmark isMarriedTo Sophie Amalie of Brunswick-Lüneburg,0.6912422776,1
Alfonso XII of Spain isMarriedTo Mercedes of Orléans,0.4390053749,1
Alan Alda directed Sweet Liberty,0.42764264350000003,1
Dorothy Dandridge isMarriedTo Harold Nicholas,0.5376739502000001,1
Bert Haanstra directed Mirror of Holland,0.42764258380000003,1
Adriana Cramer isMarriedTo Rex Balsom,0.3425098956,1
Max Jacoby directed Dust  2009 film ,0.3838253021,1
John Wayne isMarriedTo Esperanza Baur,0.7559564114,1
Steve Case isMarriedTo Jean Case,0.4538693428,1
Alan Keen isMarriedTo Ann Keen,0.41545265909999995,1
Peter Sollett directed Raising Victor Vargas,0.34250992539999997,1
Tom Hanks isMarriedTo Rita Wilson,0.42764258380000003,1